[
    {
        "name": "cards",
        "type": "list",
        "label": "Cards",
        "description": "make sets of cards",
        "entity": "card",
        "min": 1,
        "max": 5,
        "field": {
            "name": "content",
            "type": "group",
            "label": "Content",
            "importance": "high",
            "fields": [
                {
                    "name": "title",
                    "type": "text",
                    "label": "Title",
                    "importance": "high"
                },
                {
                    "name": "content",
                    "type": "library",
                    "label": "Content type",
                    "importance": "medium",
                    "entity": "content",
                    "options": [
                        "H5P.AdvancedText 1.1",
                        "H5P.Column 1.14",
                        "H5P.ColumnCustom 1.0"
                    ]
                }
            ]
        }
    },
    {
        "name": "colourSwap",
        "type": "boolean",
        "label": "Change Colour",
        "description": "Enable to change colour to orange (unchecked is green)",
        "default": false
    }
]