{"showCoverPage":true,"bookCover":{"coverDescription":"","coverImage":{"path":"images\/coverImage-619bbe97498da.png","mime":"image\/png","copyright":{"license":"U"},"width":391,"height":390},"coverAltText":"Icon of information document on a computer"},"chapters":[{"params":{"content":[{"content":{"params":{"sideToggle":false,"expandToggle":false,"content":{"params":{"text":"<h2><span><span><span><span>Introduction<\/span><\/span><\/span><\/span><\/h2>\n\n<p><span><span><span><span>There is an ever-increasing amount of information in the world, and as the volume of information continues to grow, it is becoming more important for people to be able to differentiate between what information is real, and what is misleading.&nbsp; <\/span><\/span><\/span><\/span><\/p>\n\n<p><span><span><span><span>In both personal and professional contexts, you will need to start building the skills to identify what information is true and what is false.&nbsp; <\/span><\/span><\/span><\/span><\/p>\n\n<p><span><span><span>Misinformation has a long history, and this module will focus on how to understand, navigate, and contextualize the information you are encountering, especially online.<\/span><\/span><\/span><\/p>\n"},"library":"H5P.AdvancedText 1.1","subContentId":"cf849bec-cd07-4a3e-8bca-7115bd26d252","metadata":{"contentType":"Text","license":"U","title":"Untitled Text"}},"iconToggle":true,"sideImage":{"path":"images\/sideImage-619bbea4c45a5.png","mime":"image\/png","copyright":{"license":"U"},"width":391,"height":390},"altText":"Icon of information document on a computer"},"library":"H5P.TextNImage 1.0","metadata":{"contentType":"Text and Image","license":"U","title":"Untitled Text and Image"},"subContentId":"101d9e51-60ff-4adb-a233-f9b220c74fdd"},"useSeparator":"disabled"},{"content":{"params":{"text":"<h2><span><span><span><span>Land Acknowledgement<\/span><\/span> <\/span><\/span><\/h2>\n\n<p><span><span><span><span>The <\/span><\/span><a href=\"http:\/\/nctr.ca\/assets\/reports\/Final%20Reports\/Executive_Summary_English_Web.pdf\"><span>Truth and Reconciliation Commission of Canada<\/span><\/a><span><span>\u2019s final report calls for 94 actions toward restoring a balanced relationship between Indigenous peoples and settler communities in this country.&nbsp; <\/span><\/span><\/span><\/span><\/p>\n\n<p><strong><span><span><span><span>We encourage you to not only acknowledge the traditional territory on which your institution resides, but to also ground this acknowledgement with action.<\/span><\/span>&nbsp; <\/span><\/span><\/strong><\/p>\n\n<p><span><span><span>A great resource for this is<strong> <\/strong><\/span><\/span><\/span><span><strong><span><a href=\"https:\/\/native-land.ca\/\"><span>Native Land<\/span><\/a><\/span><\/strong><span><span><strong>.<\/strong><span><span><span> <\/span><\/span><\/span>We also suggest looking at the resources provided by the <strong>The <\/strong><\/span><\/span><\/span><strong><span><span><a href=\"https:\/\/xwi7xwa.library.ubc.ca\/\"><span>Xwi7xwa Library<\/span><\/a><\/span><\/span><\/strong><span><span><span><strong>,<\/strong> which is a centre for academic and community Indigenous scholarship. Its collections and services reflect Aboriginal approaches to teaching, learning, and research, and it is the only branch of an academic library in Canada that is entirely dedicated to Indigenous materials.<\/span><\/span><\/span><\/p>\n"},"library":"H5P.AdvancedText 1.1","metadata":{"contentType":"Text","license":"U","title":"Untitled Text"},"subContentId":"ecfe93bc-c675-44dd-9491-62df0dbb341c"},"useSeparator":"enabled"},{"content":{"params":{"text":"<h2><span><span><span><span>Information disorder<\/span><\/span><\/span><\/span><\/h2>\n\n<p><span><span><span><span>Information disorder syndrome is the sharing or developing of false information with or without the intent of harm. False information may be categorized as misinformation, disinformation, or malinformation (Wardle &amp; Derakhshan, 2018). <\/span><\/span><\/span><\/span><\/p>\n"},"library":"H5P.AdvancedText 1.1","metadata":{"contentType":"Text","license":"U","title":"Untitled Text"},"subContentId":"4cbd27b3-fa85-48e7-9a9a-f1e6daaac614"},"useSeparator":"enabled"},{"content":{"params":{"resizeSupported":true,"source":"https:\/\/anthonymricci.com\/h5p\/pdfs\/mod2.pdf"},"library":"H5P.IFrameEmbed 1.0","metadata":{"contentType":"Iframe Embedder","license":"U","title":"Untitled Iframe Embedder"},"subContentId":"248a18a9-280c-44c4-8bf8-a573c2582278"},"useSeparator":"enabled"},{"content":{"params":{"uploadedFile":{"path":"files\/uploadedFile-61b8d2207b4b0.pdf","mime":"application\/pdf","copyright":{"license":"U"}},"fileName":"Types of False Information"},"library":"H5P.FileDownload 1.0","metadata":{"contentType":"File Download","license":"U","title":"Untitled File Download"},"subContentId":"4d6b437e-dd94-4266-a5f1-f3bf91132fa6"},"useSeparator":"disabled"},{"content":{"params":{"text":"<p><span><span><span><span>There are emotional and ritualistic elements of communication that we cannot ignore. Much of the problematic content being shared as misinformation was initially created to foster strong emotions \u2013 most often superiority, anger, or fear. Emotional content that leans on negative emotions travels faster and more widely than information that relies on logic and fact checking.&nbsp; <\/span><\/span><\/span><\/span><\/p>\n\n<p><span><span><span>As future engineers you will need to navigate how to use easily available online information, and quickly make decisions about its value. This module will focus on misinformation as it relates to professional ethics, responsibility around fidelity to public needs, and devotion to personal honour and professional integrity.<\/span><\/span><\/span><\/p>\n"},"library":"H5P.AdvancedText 1.1","metadata":{"contentType":"Text","license":"U","title":"Untitled Text"},"subContentId":"920d268c-5e6c-4ca9-aa54-e3b3b1989710"},"useSeparator":"disabled"},{"content":{"params":{"media":{"disableImageZooming":false},"answers":[{"correct":false,"tipsAndFeedback":{"chosenFeedback":"Incorrect \u2013 Malinformation is true information shared to cause harm.\n","notChosenFeedback":"<div>Incorrect \u2013 Malinformation is true information shared to cause harm.<\/div>\n","tip":""},"text":"Malinformation\n"},{"correct":false,"tipsAndFeedback":{"chosenFeedback":"<div>Incorrect \u2013 Disinformation is a deliberate, intentional lie<\/div>\n","notChosenFeedback":"<div>Incorrect \u2013 Disinformation is a deliberate, intentional lie<\/div>\n","tip":""},"text":"<div>Disinformation<\/div>\n"},{"correct":true,"tipsAndFeedback":{"chosenFeedback":"<div>Correct!<\/div>\n","notChosenFeedback":"<div>Correct!<\/div>\n","tip":""},"text":"<div>Misinformation<\/div>\n"}],"overallFeedback":[{"from":0,"to":100}],"behaviour":{"enableRetry":false,"enableSolutionsButton":true,"enableCheckButton":true,"type":"auto","singlePoint":false,"randomAnswers":false,"showSolutionsRequiresInput":true,"confirmCheckDialog":false,"confirmRetryDialog":false,"autoCheck":false,"passPercentage":100,"showScorePoints":true},"UI":{"checkAnswerButton":"Check","showSolutionButton":"Show solution","tryAgainButton":"Retry","tipsLabel":"Show tip","scoreBarLabel":"You got :num out of :total points","tipAvailable":"Tip available","feedbackAvailable":"Feedback available","readFeedback":"Read feedback","wrongAnswer":"Wrong answer","correctAnswer":"Correct answer","shouldCheck":"Should have been checked","shouldNotCheck":"Should not have been checked","noInput":"Please answer before viewing the solution","a11yCheck":"Check the answers. The responses will be marked as correct, incorrect, or unanswered.","a11yShowSolution":"Show the solution. The task will be marked with its correct solution.","a11yRetry":"Retry the task. Reset all responses and start the task over again."},"confirmCheck":{"header":"Finish ?","body":"Are you sure you wish to finish ?","cancelLabel":"Cancel","confirmLabel":"Finish"},"confirmRetry":{"header":"Retry ?","body":"Are you sure you wish to retry ?","cancelLabel":"Cancel","confirmLabel":"Confirm"},"question":"<p>Which of the following is defined as information that is false, but the person who is disseminating it believes that it is true?<\/p>\n"},"library":"H5P.MultiChoice 1.14","metadata":{"contentType":"Multiple Choice","license":"U","title":"Check your understanding"},"subContentId":"1da89176-8d35-4d17-8558-a64f8bc3f7ee"},"useSeparator":"enabled"}]},"library":"H5P.ColumnCustom 1.0","subContentId":"a9118eab-94ae-47df-819e-210916bd29dd","metadata":{"contentType":"ColumnCustom","license":"U","title":"Introduction"}},{"params":{"content":[{"content":{"params":{"sideToggle":false,"expandToggle":false,"content":{"params":{"text":"<h2><span><span><span><span>Misinformation<\/span><\/span><\/span><\/span><\/h2>\n\n<p><span><span><span><span>To reiterate, misinformation is false, misleading, or inaccurate information that is communicated regardless of an intention to deceive. That is to say, misinformation is information that is false, but the person who is disseminating it believes that it is true or believes it is clearly satire when it may not be. <\/span><\/span><\/span><\/span><\/p>\n\n<p><span><span><span><span>Examples of misinformation may include: <\/span><\/span><\/span><\/span><\/p>\n\n<ul>\n\t<li><span><span><span><span lang=\"EN-US\"><span><span>Rumours<\/span><\/span><\/span><\/span><\/span><\/span><\/li>\n\t<li><span><span><span><span lang=\"EN-US\"><span><span>Pranks<\/span><\/span><\/span><\/span><\/span><\/span><\/li>\n\t<li><span><span><span><span lang=\"EN-US\"><span><span>Fake news<\/span><\/span><\/span><\/span><\/span><\/span><\/li>\n\t<li><span><span><span><span lang=\"EN-US\"><span><span>Satire<\/span><\/span><\/span><\/span><\/span><\/span><\/li>\n\t<li><span><span><span><span lang=\"EN-US\"><span><span>Misleading facts <\/span><\/span><\/span><\/span><\/span><\/span><\/li>\n<\/ul>\n\n<p><span><span><span><span>Technically speaking, factual statements that are presented in a way that undermine social policy goals, instigate distrust of legitimate experts and authorities, and\/or lead people towards making harmful decisions are also misinformation.<\/span><\/span><\/span><\/span><\/p>\n"},"library":"H5P.AdvancedText 1.1","subContentId":"05f5a44a-8b3c-4224-8846-f6fe78bed602","metadata":{"contentType":"Text","license":"U","title":"Untitled Text"}},"iconToggle":true,"sideImage":{"path":"images\/sideImage-619be5d6cce94.png","mime":"image\/png","copyright":{"license":"U"},"width":372,"height":341},"altText":"Icon of newspaper with caution triangle at bottom and headline NEWS"},"library":"H5P.TextNImage 1.0","metadata":{"contentType":"Text and Image","license":"U","title":"Untitled Text and Image"},"subContentId":"8a8d4c01-16e0-45bd-8a0e-bfd240e0f0fb"},"useSeparator":"enabled"},{"content":{"params":{"cards":[{"content":{"params":{"text":"<p><span style=\"font-size:1.125em;\">A famous historical example of misinformation, as discussed by Schwartz (2016), occurred in 1938 when Orson Welles adapted H.G. Wells\u2019 novel The War of the Worlds to be performed as a live radio broadcast. This incident became famous for causing panic amongst listeners who believed that aliens were invading the Earth, with other listeners believing they were hearing a German military invasion in real time. Though this may seem comical today, this example highlights how political tensions of the day can quickly escalate to widespread panic and misinformation.<\/span><\/p>\n"},"library":"H5P.AdvancedText 1.1","subContentId":"2f2aaa37-1819-4059-8459-412351323b2b","metadata":{"contentType":"Text","license":"U","title":"Untitled Text"}},"title":"Example"}]},"library":"H5P.CardGrid 1.1","metadata":{"contentType":"Card Grid","license":"U","title":"Untitled Card Grid"},"subContentId":"3ecce411-cc49-44a2-bd6d-c5dfc9d7dd14"},"useSeparator":"disabled"},{"content":{"params":{"sideToggle":false,"expandToggle":false,"content":{"params":{"text":"<h2><span><span><span><span>History of misinformation<\/span><\/span><\/span><\/span><\/h2>\n\n<p><span><span><span><span>The history of misinformation dates back much further than the 1930\u2019s. One of the earliest examples is the Vegetable Lamb of Tartary. In the 14th century, a text claiming to be the travel memoirs of an English knight, described a tree in India that grew gourd-like fruit, inside of which were tiny lambs. These claims were furthered by an Italian friar, who wrote of a similar experience 30 years earlier. As more 'people of credence' confirmed the tale, more people became believers, and the fruit became famous. It would take another 400 years before this story was proven to be a myth.&nbsp; <\/span><\/span><\/span><\/span><\/p>\n\n<p><span><span>&nbsp;<\/span><\/span><span><span><span><span>Other examples of misinformation throughout history include: <\/span><\/span><\/span><\/span><\/p>\n\n<ul>\n\t<li><span><span><span><span lang=\"EN-US\"><span><span>Great Moon Hoax <\/span><\/span><\/span><\/span><\/span><\/span><\/li>\n\t<li><span><span><span><span lang=\"EN-US\"><span><span>Dewey Defeats Truman <\/span><\/span><\/span><\/span><\/span><\/span><\/li>\n\t<li><span><span><span><span lang=\"EN-US\"><span><span>Numerous Health Fallacies <\/span><\/span><\/span><\/span><\/span><\/span><\/li>\n\t<li><span><span><span>Conspiracy Theories <\/span><\/span><\/span><\/li>\n<\/ul>\n"},"library":"H5P.AdvancedText 1.1","subContentId":"43316e2a-dfe0-4043-ab4d-d7427b4d13fb","metadata":{"contentType":"Text","license":"U","title":"Untitled Text"}},"iconToggle":true,"sideImage":{"path":"images\/sideImage-619be5f3d0f5c.png","mime":"image\/png","copyright":{"license":"U"},"width":379,"height":792},"altText":"Librarian avatar gesturing at text"},"library":"H5P.TextNImage 1.0","metadata":{"contentType":"Text and Image","license":"U","title":"Untitled Text and Image"},"subContentId":"d3c7069a-ff88-4c46-a218-a24a89466da2"},"useSeparator":"enabled"},{"content":{"params":{"sideToggle":true,"expandToggle":false,"content":{"params":{"text":"<h2><span><span><span><span>Causes &amp; Spread of Misinformation<\/span><\/span> <\/span><\/span><\/h2>\n\n<p><span><span><span><span>Misinformation spreads more quickly and is viewed by up to 100 times as many people as accurate information (Vosoughi et al., 2018).&nbsp; <\/span><\/span><\/span><\/span><\/p>\n\n<p><span><span><span><span>Misinformation is spread for a variety of reasons including:&nbsp; <\/span><\/span><\/span><\/span><\/p>\n\n<ul>\n\t<li><span><span><span><span lang=\"EN-US\"><span><span>Political motivations  <\/span><\/span><\/span><\/span><\/span><\/span><\/li>\n\t<li><span><span><span><span lang=\"EN-US\"><span><span>Monetary gain <\/span><\/span><\/span><\/span><\/span><\/span><\/li>\n\t<li><span><span><span><span lang=\"EN-US\"><span><span>Emotional manipulation <\/span><\/span><\/span><\/span><\/span><\/span><\/li>\n\t<li><span><span><span><span lang=\"EN-US\"><span><span>Converting popularity into legitimacy <\/span><\/span><\/span><\/span><\/span><\/span><\/li>\n<\/ul>\n\n<p><span><span><span><span>Individual characteristics may also play a part in spreading misinformation. According to Buchanan (2020), people with the following traits tend to spread misinformation more readily:<\/span><\/span><\/span><\/span><\/p>\n\n<ul>\n\t<li><span><span><span><span lang=\"EN-US\"><span><span>Disagreeable personalities <\/span><\/span><\/span><\/span><\/span><\/span><\/li>\n\t<li><span><span><span><span lang=\"EN-US\"><span><span>Limited subject knowledge <\/span><\/span><\/span><\/span><\/span><\/span><\/li>\n\t<li><span><span><span>A conservative political orientation <\/span><\/span><\/span><\/li>\n<\/ul>\n"},"library":"H5P.AdvancedText 1.1","subContentId":"9da4184d-c790-4483-8fbe-d324af59080a","metadata":{"contentType":"Text","license":"U","title":"Untitled Text"}},"iconToggle":true,"sideImage":{"path":"images\/sideImage-619be6123c7d1.png","mime":"image\/png","copyright":{"license":"U"},"width":422,"height":374},"altText":"Icon of signs, one with checkmark and one with x"},"library":"H5P.TextNImage 1.0","metadata":{"contentType":"Text and Image","license":"U","title":"Untitled Text and Image"},"subContentId":"bc3786f9-0bb1-47e8-bf7a-ec2ef39ec82b"},"useSeparator":"enabled"},{"content":{"params":{"sideToggle":true,"expandToggle":false,"content":{"params":{"text":"<h3><span><span><span><span>Social Media<\/span><\/span><\/span><\/span><\/h3>\n\n<p><span><span><span><span>Social Media sites (Facebook, Instagram, TikTok, etc.) have become notable as ways of spreading misinformation, and this can be notoriously difficult to spot. Misinformation, which may also be referred to as \u201cfake news\", spreads online much faster than it has historically because online tools are easy to use and lack regulation, oversight, editors, and fact checkers. Ultimately, misinformation gets clicks and social media platforms depend on clicks for continued profit.&nbsp; <\/span><\/span><\/span><\/span><\/p>\n\n<p><span><span><span>At the same time there is also a parallel movement at work, focused on intentionally and deliberately curbing the spread of misinformation through influencers and websites aimed at stopping the spread, debunking, or educating people.<\/span><\/span><\/span><\/p>\n"},"library":"H5P.AdvancedText 1.1","subContentId":"f3678964-1186-4fef-92c4-a3ceceaafdf5","metadata":{"contentType":"Text","license":"U","title":"Untitled Text"}},"iconToggle":true,"sideImage":{"path":"images\/sideImage-619be61ee8132.png","mime":"image\/png","copyright":{"license":"U"},"width":336,"height":335},"altText":"Icon of application icons representing Facebook, Instagram and TikTok"},"library":"H5P.TextNImage 1.0","metadata":{"contentType":"Text and Image","license":"U","title":"Untitled Text and Image"},"subContentId":"8f5d1aca-04c0-48f8-924b-29064762631c"},"useSeparator":"enabled"},{"content":{"params":{"sideToggle":false,"expandToggle":false,"content":{"params":{"text":"<h3><span><span><span><span>How toxic information is spread<\/span><\/span><\/span><\/span><\/h3>\n\n<p><span><span><span><span>Wardle and Derakhshan (2018) establish the following framework for information toxicity, indicating how false information is generated and spreads online: <\/span><\/span><\/span><\/span><\/p>\n\n<ul>\n\t<li><span><span><span><span lang=\"EN-US\"><span><span><strong>Creation<\/strong> \u2013 Misleading information is written by an unknown author. <\/span><\/span><\/span><\/span><\/span><\/span><\/li>\n\t<li><span><span><span><span lang=\"EN-US\"><span><span><strong>Production<\/strong> \u2013 The article or story is published on a created \u201cnews\u201d website, giving the story some low-level credibility. <\/span><\/span><\/span><\/span><\/span><\/span><\/li>\n\t<li><span><span><span><span lang=\"EN-US\"><span><span><strong>Distribution<\/strong> - A link to the article or story is shared on social media.&nbsp; <\/span><\/span><\/span><\/span><\/span><\/span><\/li>\n\t<li><span><span><span><strong>Re-production<\/strong> - Individuals for whom the information in the story confirms their viewpoint share the article or story widely on social media. <\/span><\/span><\/span><\/li>\n<\/ul>\n"},"library":"H5P.AdvancedText 1.1","subContentId":"5b2a24b3-9292-4fbc-a55a-7224087dd20d","metadata":{"contentType":"Text","license":"U","title":"Untitled Text"}},"iconToggle":true,"sideImage":{"path":"images\/sideImage-619be631a4591.png","mime":"image\/png","copyright":{"license":"U"},"width":266,"height":363},"altText":"Icon of a phone with speech bubble containing caution icon"},"library":"H5P.TextNImage 1.0","metadata":{"contentType":"Text and Image","license":"U","title":"Untitled Text and Image"},"subContentId":"806514b1-e7ee-4cec-a302-d4ac73d09252"},"useSeparator":"enabled"},{"content":{"params":{"text":"<h2><span><span><span><span>Identifying misinformation &nbsp; <\/span><\/span><\/span><\/span><\/h2>\n\n<p><span><span><span><span>Start by thinking about the <strong>context<\/strong> of the information you\u2019ve found.<\/span><\/span><\/span><\/span><\/p>\n\n<p><span><span><span><span>Ask yourself: <\/span><\/span><\/span><\/span><\/p>\n"},"library":"H5P.AdvancedText 1.1","metadata":{"contentType":"Text","license":"U","title":"Untitled Text"},"subContentId":"62e8b35c-ba13-46a9-99ea-5fdbf4aa92f7"},"useSeparator":"enabled"},{"content":{"params":{"cards":[{"content":{"params":{"text":"<ul>\n\t<li><span style=\"font-size:1.125em;\"><span lang=\"EN-US\">For information to be credible, the person sharing the information should have credentials that are related to the subject at hand.<\/span><\/span><\/li>\n\t<li><span style=\"font-size:1.125em;\"><span lang=\"EN-US\">Are they a biased source, and if so, is their bias clear?<\/span><\/span><\/li>\n<\/ul>\n"},"library":"H5P.AdvancedText 1.1","subContentId":"1c3ce33b-2c2b-4f87-80cd-ac767d4f7db9","metadata":{"contentType":"Text","license":"U","title":"Untitled Text"}},"title":"Who is posting it?"},{"content":{"params":{"text":"<ul>\n\t<li><span style=\"font-size:1.125em;\"><span lang=\"EN-US\">Is the information anecdotal or something with stronger evidence?<\/span><\/span><\/li>\n<\/ul>\n"},"library":"H5P.AdvancedText 1.1","subContentId":"e1ceb5db-3091-490e-95c4-1cea11c8eba1","metadata":{"contentType":"Text","license":"U","title":"Untitled Text"}},"title":"What information are they sharing?"},{"content":{"params":{"text":"<ul>\n\t<li><span style=\"font-size:1.125em;\"><span lang=\"EN-US\">What is the motivation for sharing this information? <\/span><\/span><\/li>\n\t<li><span style=\"font-size:1.125em;\">Are they trying to sell something, are they trying to generate fear or distrust of something?<\/span><\/li>\n<\/ul>\n"},"library":"H5P.AdvancedText 1.1","subContentId":"4dccc493-eb56-44c5-bb9c-36b92201b11d","metadata":{"contentType":"Text","license":"U","title":"Untitled Text"}},"title":"Why are they sharing it?"}]},"library":"H5P.CardGrid 1.1","metadata":{"contentType":"Card Grid","license":"U","title":"Untitled Card Grid"},"subContentId":"6b059cfb-e26c-437c-b9dc-8155c126cf34"},"useSeparator":"disabled"},{"content":{"params":{"text":"<h3><span><span><span><span>Information integrity<\/span><\/span><\/span><\/span><\/h3>\n\n<p><span><span><span><span>Identifying false information also involves considering the integrity of the information you\u2019ve found. <\/span><\/span><\/span><\/span><\/p>\n\n<p><span><span><span><span>When considering information shared online, it is important to look for (Buchanan, 2020): <\/span><\/span><\/span><\/span><\/p>\n\n<ul>\n\t<li><span><span><span><span lang=\"EN-US\"><span><span>False Connections <\/span><\/span><\/span><\/span><\/span><\/span><\/li>\n\t<li><span><span><span><span lang=\"EN-US\"><span><span>Misleading Content <\/span><\/span><\/span><\/span><\/span><\/span><\/li>\n\t<li><span><span><span><span lang=\"EN-US\"><span><span>False Content <\/span><\/span><\/span><\/span><\/span><\/span><\/li>\n\t<li><span><span><span><span lang=\"EN-US\"><span><span>Imposter Content <\/span><\/span><\/span><\/span><\/span><\/span><\/li>\n\t<li><span><span><span><span lang=\"EN-US\"><span><span>Manipulated Content <\/span><\/span><\/span><\/span><\/span><\/span><\/li>\n<\/ul>\n\n<p><span><span><span><span>It is possible that the information started out as authentic but was compromised in some way.<\/span><\/span><\/span><\/span><\/p>\n\n<h3><span><span><span><span>Example<\/span><\/span> <\/span><\/span><\/h3>\n\n<p><span><span><span><span>WHO image: Framework for Toxicity (Berger, 2017): <\/span><\/span><\/span><\/span><\/p>\n\n<p><span><span><a href=\"https:\/\/en.unesco.org\/sites\/default\/files\/fake_news_berger.pdf\"><span>https:\/\/en.unesco.org\/sites\/default\/files\/fake_news_berger.pdf<\/span><\/a><\/span><\/span><\/p>\n"},"library":"H5P.AdvancedText 1.1","metadata":{"contentType":"Text","license":"U","title":"Untitled Text"},"subContentId":"0d5271b4-2416-4206-9a73-c08cb4a7797d"},"useSeparator":"enabled"}]},"library":"H5P.ColumnCustom 1.0","subContentId":"27c4fdd8-fdb6-4480-acc3-b3a84c1527bd","metadata":{"contentType":"ColumnCustom","license":"U","title":"Misinformation"}},{"params":{"content":[{"content":{"params":{"sideToggle":true,"expandToggle":false,"content":{"params":{"text":"<h2><span><span><span><span>Expertise<\/span><\/span><\/span><\/span><\/h2>\n\n<p><span><span><span><span>Many individuals rely on expertise as a proxy for quality, but in reality, expertise is one of many criteria you should consider. <\/span><\/span><\/span><\/span><\/p>\n\n<p><span><span><span><span>When examining expertise consider the following factors (Posetti, 2018): <\/span><\/span><\/span><\/span><\/p>\n\n<ul>\n\t<li><span><span><span><span lang=\"EN-US\"><span><span>Value <\/span><\/span><\/span><\/span><\/span><\/span><\/li>\n\t<li><span><span><span><span lang=\"EN-US\"><span><span>Insight <\/span><\/span><\/span><\/span><\/span><\/span><\/li>\n\t<li><span><span><span><span lang=\"EN-US\"><span><span>Experience <\/span><\/span><\/span><\/span><\/span><\/span><\/li>\n\t<li><span><span><span><span lang=\"EN-US\"><span><span>Context <\/span><\/span><\/span><\/span><\/span><\/span><\/li>\n<\/ul>\n\n<p><span><span><span><span>You must evaluate expertise within each specific context and make choices about what is appropriate based on the value and insight of the information coupled with the author\u2019s experience and how it fits the context.<\/span><\/span><\/span><\/span><\/p>\n\n<p><span><span><span>Experts in one context might be highly experienced individuals in a field, or employees of a related government office. In other settings, it might exclusively mean someone with an applicable academic (PhD) or professional (P.Eng.) credential.&nbsp; <\/span><\/span><\/span><\/p>\n"},"library":"H5P.AdvancedText 1.1","subContentId":"a97a5011-7704-49d3-b8b3-4b8ee4293175","metadata":{"contentType":"Text","license":"U","title":"Untitled Text"}},"iconToggle":true,"sideImage":{"path":"images\/sideImage-619be74a865da.png","mime":"image\/png","copyright":{"license":"U"},"width":882,"height":1587},"altText":"Professor avatar gesturing towards text"},"library":"H5P.TextNImage 1.0","metadata":{"contentType":"Text and Image","license":"U","title":"Untitled Text and Image"},"subContentId":"6933cbb0-505b-417a-8f89-196c6672586c"},"useSeparator":"auto"}]},"library":"H5P.ColumnCustom 1.0","subContentId":"74acc237-6e62-478a-8000-d55f05ae4a40","metadata":{"contentType":"ColumnCustom","license":"U","title":"Expertise"}},{"params":{"content":[{"content":{"params":{"sideToggle":true,"expandToggle":false,"content":{"params":{"text":"<h2><span><span><span><span>Bias<\/span><\/span><\/span><\/span><\/h2>\n\n<p><span><span><span><span>Every piece of information has a bias to it. Bias is not necessarily bad, as long as you begin, and continue to question your own biases.<\/span><\/span><\/span><\/span><\/p>\n\n<p><span><span><span><span>The Cambridge Dictionary (2021) defines bias as, \u201cthe action of supporting or opposing a particular person or thing in an unfair way, because of allowing personal opinions to influence your judgement.\u201d <\/span><\/span><\/span><\/span><\/p>\n\n<p><span><span><span>Information is created by people or by machines programmed by people; therefore, all information is biased in one way or another. As an engineer, your responsibility is to identify and navigate your own biases and the biases of the information you choose to use in your work.<\/span><\/span><\/span><\/p>\n"},"library":"H5P.AdvancedText 1.1","subContentId":"331f8019-03a6-4a7e-b1a2-a77cdb20a774","metadata":{"contentType":"Text","license":"U","title":"Untitled Text"}},"iconToggle":true,"sideImage":{"path":"images\/sideImage-619be6a3c2e9c.png","mime":"image\/png","copyright":{"license":"U"},"width":467,"height":448},"altText":"Icon of manual scale, with right side tipped further than left side"},"library":"H5P.TextNImage 1.0","metadata":{"contentType":"Text and Image","license":"U","title":"Untitled Text and Image"},"subContentId":"c33cc6ca-4274-4b7a-8c07-915bc794f1ac"},"useSeparator":"auto"},{"content":{"params":{"media":{"disableImageZooming":false},"correct":"true","behaviour":{"enableRetry":false,"enableSolutionsButton":false,"enableCheckButton":true,"confirmCheckDialog":false,"confirmRetryDialog":false,"autoCheck":false,"feedbackOnCorrect":"Correct!","feedbackOnWrong":"Incorrect \u2013 All information is created by people or machines programmed by people, and all people are bias in one way or another."},"l10n":{"trueText":"True","falseText":"False","score":"You got @score of @total points","checkAnswer":"Check","showSolutionButton":"Show solution","tryAgain":"Retry","wrongAnswerMessage":"Wrong answer","correctAnswerMessage":"Correct answer","scoreBarLabel":"You got :num out of :total points","a11yCheck":"Check the answers. The responses will be marked as correct, incorrect, or unanswered.","a11yShowSolution":"Show the solution. The task will be marked with its correct solution.","a11yRetry":"Retry the task. Reset all responses and start the task over again."},"confirmCheck":{"header":"Finish ?","body":"Are you sure you wish to finish ?","cancelLabel":"Cancel","confirmLabel":"Finish"},"confirmRetry":{"header":"Retry ?","body":"Are you sure you wish to retry ?","cancelLabel":"Cancel","confirmLabel":"Confirm"},"question":"<p>True or false: All information is biased?<\/p>\n"},"library":"H5P.TrueFalse 1.6","metadata":{"contentType":"True\/False Question","license":"U","title":"Check your understanding"},"subContentId":"1aeb7956-6333-4559-a43c-a4a5393f63e9"},"useSeparator":"enabled"}]},"library":"H5P.ColumnCustom 1.0","subContentId":"ee813dfa-7c23-4d21-b459-e21ca60959cd","metadata":{"contentType":"ColumnCustom","license":"U","title":"Bias"}},{"params":{"content":[{"content":{"params":{"text":"<h2><span><span><span><span>Trust and Engineering<\/span><\/span><\/span><\/span><\/h2>\n\n<p><span><span><span><span>Professional engineers must uphold professional and ethical standards. As an ethical body, engineering values truth, honesty, and trustworthiness, and expects engineers to embody these traits (Engineers Canada, 2016). The way you use and share information impacts how trustworthy you appear to others.<\/span><\/span><\/span><\/span><\/p>\n"},"library":"H5P.AdvancedText 1.1","metadata":{"contentType":"Text","license":"U","title":"Untitled Text"},"subContentId":"163e5b19-2e71-4ac5-aaca-69369aef2a1f"},"useSeparator":"auto"},{"content":{"params":{"cards":[{"content":{"params":{"content":[{"content":{"params":{"sideToggle":false,"expandToggle":false,"content":{"params":{"text":"<p><span><span><span><span>In a world where our personal and professional lives are so intertwined online, thinking critically about what information you share and the message it communicates is more crucial than ever. Something as simple as sharing an internet meme may seem inconsequential or humorous but can create a negative impression and erode trust.&nbsp; <\/span><\/span><\/span><\/span><\/p>\n\n<p><span><span><span><span>If you start sharing information that is wrong, you ultimately start to erode people\u2019s trust in you, both individually and as a representative of your profession.<\/span><\/span><\/span><\/span><\/p>\n"},"library":"H5P.AdvancedText 1.1","subContentId":"d13b978c-1b61-4d04-aa8f-0d1ec1bb0231","metadata":{"contentType":"Text","license":"U","title":"Untitled Text"}},"iconToggle":true,"sideImage":{"path":"images\/sideImage-619be6da485ff.png","mime":"image\/png","copyright":{"license":"U"},"width":462,"height":412},"altText":"Icon of computer screen with caution icon in front of screen"},"library":"H5P.TextNImage 1.0","metadata":{"contentType":"Text and Image","license":"U","title":"Untitled Text and Image"},"subContentId":"14750588-9389-4f04-b490-c79312f8c51b"},"useSeparator":"auto"}]},"library":"H5P.ColumnCustom 1.0","metadata":{"contentType":"ColumnCustom","license":"U","title":"Untitled ColumnCustom"},"subContentId":"44bad0b5-3c9a-4630-ac15-758b1feb1f41"},"title":"Sharing Misinformation"},{"content":{"params":{"content":[{"content":{"params":{"sideToggle":false,"expandToggle":false,"content":{"params":{"text":"<p><span><span><span><span>By now, you are probably aware that using unreliable information in your work could cause harm to others, but this harm is not always as obvious as a bridge or building collapse. Take the development of algorithms and AI for example. The quality of your programming and its potential outcomes are all dependent on your ability to know what is right, use quality information, acknowledge bias, and act ethically. <\/span><\/span><\/span><\/span><\/p>\n\n<p><span><span><span>As a future engineer, you are only as knowledgeable as the information you use. Using credible, reliable information in both personal and professional settings, helps build and promote public trust and confidence in engineers as educated, ethical professionals.<\/span><\/span><\/span><\/p>\n"},"library":"H5P.AdvancedText 1.1","subContentId":"ca7de9a7-c912-48b3-98ba-8b7b62bf9b24","metadata":{"contentType":"Text","license":"U","title":"Untitled Text"}},"iconToggle":true,"sideImage":{"path":"images\/sideImage-619be6fe7e1d3.png","mime":"image\/png","copyright":{"license":"U"},"width":434,"height":412},"altText":"Icon of computer screen with exclamation mark covering screen"},"library":"H5P.TextNImage 1.0","metadata":{"contentType":"Text and Image","license":"U","title":"Untitled Text and Image"},"subContentId":"503b5b77-9b1f-4224-8ab4-abf74ab7341e"},"useSeparator":"auto"}]},"library":"H5P.ColumnCustom 1.0","metadata":{"contentType":"ColumnCustom","license":"U","title":"Untitled ColumnCustom"},"subContentId":"eff1020f-9ea6-4a81-ac22-2996b4b19293"},"title":"Using False Information"}],"colourSwap":true},"library":"H5P.Multicard 1.1","metadata":{"contentType":"Multicard","license":"U","title":"Untitled Multicard"},"subContentId":"71e7a79c-7f4f-4c01-8eef-e43f7c2893cf"},"useSeparator":"disabled"},{"content":{"params":{"sideToggle":true,"expandToggle":false,"content":{"params":{"text":"<h2><span><span><span><span>Preserving Trust<\/span><\/span><\/span><\/span><\/h2>\n\n<p><span><span><span><span>To preserve public trust in you as an individual and as a representative of the engineering profession, you must take the time to ensure that you are not using or sharing misinformation.<\/span><\/span><\/span><\/span><\/p>\n"},"library":"H5P.AdvancedText 1.1","subContentId":"60390a1b-798c-4bb5-ac65-67b469ad6852","metadata":{"contentType":"Text","license":"U","title":"Untitled Text"}},"iconToggle":true,"sideImage":{"path":"images\/sideImage-619be722a99ef.png","mime":"image\/png","copyright":{"license":"U"},"width":613,"height":1637},"altText":"Engineer avatar with hard hat standing in a neutral pose"},"library":"H5P.TextNImage 1.0","metadata":{"contentType":"Text and Image","license":"U","title":"Untitled Text and Image"},"subContentId":"2257c088-e01d-4fe0-8d49-2df37fa5435e"},"useSeparator":"enabled"},{"content":{"params":{"cards":[{"content":{"params":{"text":"<p><span><span><span><span>Fact checking the information can help you determine whether or not it is false or misleading. However, fact checking can be difficult and time-consuming. Fact checking websites may help, but their insights often come too late and may be tainted with biases of their own. For more information on strategies for evaluating information, see the Engineering Literacy module, \u201cInformation Evaluation and Filtering.\u201d<\/span><\/span><\/span><\/span><\/p>\n"},"library":"H5P.AdvancedText 1.1","metadata":{"contentType":"Text","license":"U","title":"Untitled Text"},"subContentId":"b9f8f8ea-b0cb-4ca2-98d4-1a529bf49f3b"},"title":"Evaluate the Information"},{"content":{"params":{"text":"<p><span><span><span><span>When finding information online, one of the best ways to protect against misinformation is to think about <strong>why the author(s) posted the information<\/strong>. Considering the author\u2019s intentions can help you see their <strong>motivations<\/strong> and point out their <strong>biases. <\/strong><\/span><\/span><\/span><\/span><\/p>\n\n<p><span><span><span>This strategy is useful whether you\u2019re searching for information on vaccine safety or using code already created on Stack Exchange. <\/span><\/span><\/span><br>\n<span><span><span>Remember, to build good habits around finding <strong>any information<\/strong>, you have to practice them with <strong>all information<\/strong>.<\/span><\/span><\/span><\/p>\n"},"library":"H5P.AdvancedText 1.1","metadata":{"contentType":"Text","license":"U","title":"Untitled Text"},"subContentId":"0dfa1b66-aa85-4b13-b564-ef971d7e05c6"},"title":"Consider Motivation &amp; Bias"}],"colourSwap":true},"library":"H5P.Multicard 1.1","metadata":{"contentType":"Multicard","license":"U","title":"Untitled Multicard"},"subContentId":"bd6a3c28-805e-4046-9ecf-7a8bb64c3090"},"useSeparator":"disabled"},{"content":{"params":{"media":{"disableImageZooming":false},"answers":[{"correct":false,"tipsAndFeedback":{"chosenFeedback":"<div>Incorrect \u2013 While the expertise of the author(s) can help you determine if the information is credible, credible authors can still have questionable motivations and biases.<\/div>\n","notChosenFeedback":"<div>Incorrect \u2013 While the expertise of the author(s) can help you determine if the information is credible, credible authors can still have questionable motivations and biases.<\/div>\n","tip":""},"text":"<div>The expertise of the author(s)<\/div>\n"},{"correct":true,"tipsAndFeedback":{"chosenFeedback":"<div>Correct!<\/div>\n","notChosenFeedback":"<div>Correct!<\/div>\n","tip":""},"text":"<div>The reason the information was created or shared.<\/div>\n"},{"correct":false,"tipsAndFeedback":{"chosenFeedback":"<div>Incorrect \u2013 Fact checking can be helpful, but these sites can have biases of their own<\/div>\n","notChosenFeedback":"<div>Incorrect \u2013 Fact checking can be helpful, but these sites can have biases of their own<\/div>\n","tip":""},"text":"<div>Whether or not a fact checking website says it is correct.<\/div>\n"}],"overallFeedback":[{"from":0,"to":100}],"behaviour":{"enableRetry":false,"enableSolutionsButton":true,"enableCheckButton":true,"type":"auto","singlePoint":false,"randomAnswers":false,"showSolutionsRequiresInput":true,"confirmCheckDialog":false,"confirmRetryDialog":false,"autoCheck":false,"passPercentage":100,"showScorePoints":true},"UI":{"checkAnswerButton":"Check","showSolutionButton":"Show solution","tryAgainButton":"Retry","tipsLabel":"Show tip","scoreBarLabel":"You got :num out of :total points","tipAvailable":"Tip available","feedbackAvailable":"Feedback available","readFeedback":"Read feedback","wrongAnswer":"Wrong answer","correctAnswer":"Correct answer","shouldCheck":"Should have been checked","shouldNotCheck":"Should not have been checked","noInput":"Please answer before viewing the solution","a11yCheck":"Check the answers. The responses will be marked as correct, incorrect, or unanswered.","a11yShowSolution":"Show the solution. The task will be marked with its correct solution.","a11yRetry":"Retry the task. Reset all responses and start the task over again."},"confirmCheck":{"header":"Finish ?","body":"Are you sure you wish to finish ?","cancelLabel":"Cancel","confirmLabel":"Finish"},"confirmRetry":{"header":"Retry ?","body":"Are you sure you wish to retry ?","cancelLabel":"Cancel","confirmLabel":"Confirm"},"question":"<p>When determining the motivations and bias behind information you are viewing, which of the following is <strong>most important<\/strong> to consider?<\/p>\n"},"library":"H5P.MultiChoice 1.14","metadata":{"contentType":"Multiple Choice","license":"U","title":"Check your understanding"},"subContentId":"2e9a380b-6c80-402b-a627-3381e1762390"},"useSeparator":"enabled"}]},"library":"H5P.ColumnCustom 1.0","subContentId":"fb6806cd-18f9-46f4-a192-6af59febbb9c","metadata":{"contentType":"ColumnCustom","license":"U","title":"Trust and Engineering"}},{"params":{"content":[{"content":{"params":{"sideToggle":true,"expandToggle":false,"content":{"params":{"text":"<h2><span><span><span><span>Final thoughts<\/span><\/span><\/span><\/span><\/h2>\n\n<p><span><span><span><span>As an engineer, your decisions around information impact not only you, but other engineers around the world, and contribute to commonly held beliefs and trust toward the profession as a whole.<\/span><\/span><\/span><\/span><\/p>\n\n<p><span><span><span><span>Misinformation can be difficult to spot and if you aren\u2019t careful, it can be easy to use and spread false information unintentionally, potentially damaging your personal and professional reputation.<\/span><\/span><\/span><\/span><\/p>\n\n<p><span><span><span><span>As a student, you can get in the habit of assessing the motives, context, and biases of information you encounter now, to start building the skills that will help you identify and avoid misinformation.<\/span><\/span><\/span><\/span><\/p>\n\n<p><span><span><span><span>Further Reading: <\/span><\/span><\/span><\/span><\/p>\n\n<ul>\n\t<li><span><span><span><span lang=\"EN-US\"><span><span>The Misinformation Age: How False Beliefs Spread by Cailin O\u2019Connor &amp; James Owen Weatherall<\/span><\/span><\/span><\/span><\/span><\/span><\/li>\n\t<li><span><span><span><span lang=\"EN-US\"><span><span>The Death of Expertise: The Campaign against Established Knowledge and Why it Matters by Tom Nichols<\/span><\/span><\/span><\/span><\/span><\/span><\/li>\n\t<li><span><span><span>The Information: A history, A Theory, A Flood by James Gleick<\/span><\/span><\/span><\/li>\n<\/ul>\n"},"library":"H5P.AdvancedText 1.1","subContentId":"52fa3407-8072-43bf-a758-9edc1588a892","metadata":{"contentType":"Text","license":"U","title":"Untitled Text"}},"iconToggle":true,"sideImage":{"path":"images\/sideImage-619be77172006.png","mime":"image\/png","copyright":{"license":"U"},"width":391,"height":390},"altText":"Icon of information document on a computer"},"library":"H5P.TextNImage 1.0","metadata":{"contentType":"Text and Image","license":"U","title":"Untitled Text and Image"},"subContentId":"820116cd-c7c4-4c56-9784-28ca39d0c2e0"},"useSeparator":"disabled"},{"content":{"params":{"text":"<h2><span><span><span><span>Graduate attributes<\/span><\/span><\/span><\/span><\/h2>\n\n<p><span><span><span><span>3.1.2 Problem analysis: An ability to use appropriate knowledge and skills to identify, formulate, analyze, and solve complex engineering problems in order to reach substantiated conclusions.<\/span><\/span><\/span><\/span><\/p>\n\n<p><span><span><span><span>3.1.3 Investigation: An ability to conduct investigations of complex problems by methods that include appropriate experiments, analysis and interpretation of data, and synthesis of information in order to reach valid conclusions.<\/span><\/span><\/span><\/span><\/p>\n\n<p><span><span><span><span>3.1.7 Communication skills: An ability to communicate complex engineering concepts within the profession and with society at large. Such ability includes reading, writing, speaking and listening, and the ability to comprehend and write effective reports and design documentation, and to give and effectively respond to clear instructions.<\/span><\/span><\/span><\/span><\/p>\n\n<p><span><span><span><span>3.1.8 Professionalism: An understanding of the roles and responsibilities of the professional engineer in society, especially the primary role of protection of the public and the public interest.<\/span><\/span><\/span><\/span><\/p>\n\n<p><span><span><span><span>3.1.10 Ethics and equity: An ability to apply professional ethics, accountability, and equity.<\/span><\/span><\/span><\/span><\/p>\n\n<p><span><span>3.1.12 Life-long learning: An ability to identify and to address their own educational needs in a changing world in ways sufficient to maintain their competence and to allow them to contribute to the advancement of knowledge.<\/span><\/span><\/p>\n"},"library":"H5P.AdvancedText 1.1","metadata":{"contentType":"Text","license":"U","title":"Untitled Text"},"subContentId":"34192b35-c522-4302-ad1b-bc53c4858063"},"useSeparator":"enabled"}]},"library":"H5P.ColumnCustom 1.0","subContentId":"262a6bf6-e94e-47a6-8af5-123de172fcb7","metadata":{"contentType":"ColumnCustom","license":"U","title":"Final Thoughts"}},{"params":{"content":[{"content":{"params":{"text":"<h2><span><span><span><span>References<\/span><\/span><\/span><\/span><\/h2>\n"},"library":"H5P.AdvancedText 1.1","metadata":{"contentType":"Text","license":"U","title":"Untitled Text"},"subContentId":"dc35119f-8268-419c-a813-e9a147b8fd48"},"useSeparator":"auto"},{"content":{"params":{"content":{"params":{"text":"<p><span><span><span><span>Berger, G. (2017). <em>Fake news and the future of professional and ethical journalism <\/em>[PDF]. UNESCO. <\/span><\/span><a href=\"https:\/\/en.unesco.org\/sites\/default\/files\/fake_news_berger.pdf\"><span>https:\/\/en.unesco.org\/sites\/default\/files\/fake_news_berger.pdf<\/span><\/a>&nbsp; <\/span><\/span><\/p>\n\n<p><span><span><span><span>Buchanan, T. (2020). Why do people spread false information online? The effects of message and viewer characteristics on self-reported likelihood of sharing social media disinformation. <em>PLOS ONE, 15<\/em>(10), e0239666. <\/span><\/span><a href=\"https:\/\/doi.org\/10.1371\/journal.pone.0239666\"><span>https:\/\/doi.org\/10.1371\/journal.pone.0239666<\/span><\/a> <\/span><\/span><\/p>\n\n<p><span><span><span><span>Cambridge University Press. (2021). Bias. In <em>Cambridge dictionary.<\/em> Retrieved October 1, 2021from <\/span><\/span><a href=\"https:\/\/dictionary.cambridge.org\/dictionary\/english\/bias\"><span>https:\/\/dictionary.cambridge.org\/dictionary\/english\/bias<\/span><\/a>&nbsp; <\/span><\/span><\/p>\n\n<p><span><span><span><span style=\"color:#313036\">Engineers Canada. (2016). <em>Public Guideline on the code of ethics.<\/em> <\/span><\/span><a href=\"https:\/\/engineerscanada.ca\/publications\/public-guideline-on-the-code-of-ethics#-the-code-of-ethics\"><span>https:\/\/engineerscanada.ca\/publications\/public-guideline-on-the-code-of-ethics#-the-code-of-ethics<\/span><\/a> <\/span><\/span><\/p>\n\n<p><span><span><span><span style=\"color:#313036\">Posetti, J. (2018). Module 3: News industry transformation: digital technology, social platforms, and the spread of misinformation and disinformation. In C. Ireton &amp; J. Posetti (Eds.), <em>Journalism, fake news, and disinformation<\/em> (pp. 55-68). UNESCO. <\/span><\/span><br>\n<a href=\"https:\/\/en.unesco.org\/sites\/default\/files\/journalism_fake_news_disinformation_print_friendly_0.pdf\"><span>https:\/\/en.unesco.org\/sites\/default\/files\/journalism_fake_news_disinformation_print_friendly_0.pdf<\/span><\/a>&nbsp;<\/span><\/span><\/p>\n\n<p><span><span><span><span style=\"color:#313036\">Schwartz, A. B. (2016). <em>Broadcast hysteria: Orson Welles\u2019s war of the worlds and the art of fake news.<\/em> Hill and Wang.<\/span><\/span><\/span><\/span><\/p>\n\n<p><span><span><span><span style=\"color:#313036\">Vosoughi, S., Roy, D., &amp; Aral, S. (2018). The spread of true and false news online. <em>Science, 359<\/em>(6380), 1146\u20131151. <\/span><\/span><a href=\"https:\/\/doi.org\/10.1126\/science.aap9559\"><span>https:\/\/doi.org\/10.1126\/science.aap9559<\/span><\/a> <\/span><\/span><\/p>\n\n<p><span><span><span style=\"color:#313036\">Wardle, C., &amp; Derakhshan, H. (2018). Module 2: Thinking about \u2018information disorder\u2019: formats of misinformation, disinformation, and mal-information. In C. Ireton &amp; J. Posetti (Eds.), <em>Journalism, fake news, and disinformation<\/em> (pp. 43-53). UNESCO. <\/span><\/span><\/span><span><span><a href=\"https:\/\/en.unesco.org\/sites\/default\/files\/journalism_fake_news_disinformation_print_friendly_0.pdf\"><span>https:\/\/en.unesco.org\/sites\/default\/files\/journalism_fake_news_disinformation_print_friendly_0.pdf<\/span><\/a><\/span><\/span><\/p>\n"},"library":"H5P.AdvancedText 1.1","subContentId":"6b06f27d-9027-49dd-a597-62d8060d5ed0","metadata":{"contentType":"Text","license":"U","title":"Untitled Text"}}},"library":"H5P.Citations 1.0","metadata":{"contentType":"Citations","license":"U","title":"Untitled Citations"},"subContentId":"6a610795-816f-429d-b168-5426137251c7"},"useSeparator":"auto"},{"content":{"params":{"text":"<h2><span><span><span><span>Credits &amp; Licensing<\/span><\/span><\/span><\/span><\/h2>\n\n<p><span><span><span><span>Content Creators: Kate Mercer, Kari D. Weaver, Stephanie Mutch, Nasser Saleh, Michelle Spence, and Ian Robson.<\/span><\/span><\/span><\/span><\/p>\n\n<p><span><span><span><span>Instructional and Graphic Designers: Anthony Maocheia-Ricci, Stefaniada Voichita, Stephanie Mutch, Hiba Zubairi, Cathy Sebastian, and Kari D. Weaver.<\/span><\/span><\/span><\/span><\/p>\n\n<p><span><span><span><span>Additional feedback was generously contributed by many faculty, staff, and students at the University of Waterloo, Queens University, and the University of Toronto.<\/span><\/span><\/span><\/span><\/p>\n\n<p><span><span><span><span>This module was created with financial support from a 2021 eCampus Ontario Virtual Learning Strategy Grant and is licensed under a Creative Commons 4.0 Attribution-Non Commercial License (CC 4.0 BY-NC).<\/span><\/span><\/span><\/span><\/p>\n\n<p><span><span><span><span>Attribution may be indicated as follows:<\/span><\/span><\/span><\/span><\/p>\n\n<p><span><span><span><span>Mercer, K., Weaver, K.D., Mutch, S., Saleh, N., Spence, M., Robson, I., Maocheia-Ricci, A., Voichita, S., Zubairi, H., &amp; Sebastian, C. (2022). Misinformation, trust, &amp; bias. eCampus Ontario. Link to repository. Used under CC 4.0 BY-NC.<\/span><\/span><\/span><\/span><\/p>\n\n<p><span><span><span><span>For more information or to request permission for a non-licensed use, please email <\/span><\/span><a href=\"mailto:libaskus@uwaterloo.ca\"><span>libaskus@uwaterloo.ca<\/span><\/a><span><span>.<\/span><\/span><\/span><\/span><\/p>\n\n<p><span><span><span>This project was led by individuals who live and work in Waterloo, which is the traditional territory of the Neutral, Anishinaabeg and Haudenosaunee peoples. The University of Waterloo\u2019s main campus is situated on the Haldimand Tract, the land granted to the Six Nations that includes six miles on each side of the Grand River. Our active work toward reconciliation takes place across our campuses through research, learning, teaching, and community building, and is centralized within our Indigenous Initiatives Office.<\/span><\/span><\/span><\/p>\n"},"library":"H5P.AdvancedText 1.1","metadata":{"contentType":"Text","license":"U","title":"Untitled Text"},"subContentId":"6fb89c09-2021-497f-a041-a6cda1b8060a"},"useSeparator":"enabled"}]},"library":"H5P.ColumnCustom 1.0","subContentId":"9c0da761-b828-43ff-a4e1-0d19473b8313","metadata":{"contentType":"ColumnCustom","license":"U","title":"References"}}],"behaviour":{"defaultTableOfContents":true,"progressIndicators":false,"progressAuto":true,"displaySummary":false},"read":"Read","displayTOC":"Display &#039;Table of contents&#039;","hideTOC":"Hide &#039;Table of contents&#039;","nextPage":"Next page","previousPage":"Previous page","chapterCompleted":"Page completed!","partCompleted":"@pages of @total completed","incompleteChapter":"Incomplete page","navigateToTop":"Navigate to the top","markAsFinished":"I have finished this page","fullscreen":"Fullscreen","exitFullscreen":"Exit fullscreen","bookProgressSubtext":"@count of @total pages","interactionsProgressSubtext":"@count of @total interactions","submitReport":"Submit Report","restartLabel":"Restart","summaryHeader":"Summary","allInteractions":"All interactions","unansweredInteractions":"Unanswered interactions","scoreText":"@score \/ @maxscore","leftOutOfTotalCompleted":"@left of @max interactions completed","noInteractions":"No interactions","score":"Score","summaryAndSubmit":"Summary &amp; submit","noChapterInteractionBoldText":"You have not interacted with any pages.","noChapterInteractionText":"You have to interact with at least one page before you can see the summary.","yourAnswersAreSubmittedForReview":"Your answers are submitted for review!","bookProgress":"Book progress","interactionsProgress":"Interactions progress","totalScoreLabel":"Total score","a11y":{"progress":"Page @page of @total.","menu":"Toggle navigation menu"}}