{"showCoverPage":true,"bookCover":{"coverDescription":"","coverImage":{"path":"images\/coverImage-619be7d814176.png","mime":"image\/png","copyright":{"license":"U"},"width":312,"height":409},"coverAltText":"Icon of person struggling to carry circle with &quot;i&quot; on their back"},"chapters":[{"params":{"content":[{"content":{"params":{"sideToggle":true,"expandToggle":false,"content":{"params":{"text":"<h2><span><span><span>Introduction<\/span><\/span><\/span><\/h2>\n\n<p><span><span><span>Engineers spend up to one-third of their time finding, managing, and using information (Fosmire, 2014). As a result, it can be easy for engineers to start feeling overwhelmed by information, making it difficult for them to assess its credibility and usefulness.<\/span><\/span><\/span><\/p>\n\n<p><span><span>This module will define, identify &amp; explain information overload.<\/span><\/span><\/p>\n\n<p><span><span>After completing this module, you will be able to:<\/span><\/span><\/p>\n\n<ul>\n\t<li><span><span><span><span lang=\"EN-US\"><span><span>Identify when you are feeling overwhelmed with information,<\/span><\/span><\/span><\/span><\/span><\/span><\/li>\n\t<li><span><span><span><span lang=\"EN-US\"><span><span>Articulate examples of information overload,<\/span><\/span><\/span><\/span><\/span><\/span><\/li>\n\t<li><span><span><span><span lang=\"EN-US\"><span><span>Practice and apply techniques to navigate information overload, and<\/span><\/span><\/span><\/span><\/span><\/span><\/li>\n\t<li><span><span>Understand how navigating information overload relates to the graduate attributes<\/span><\/span><\/li>\n<\/ul>\n"},"library":"H5P.AdvancedText 1.1","subContentId":"99b3008e-f802-49f8-8894-ddd7afc13f4b","metadata":{"contentType":"Text","license":"U","title":"Untitled Text"}},"iconToggle":true,"sideImage":{"path":"images\/sideImage-619be7e179ab0.png","mime":"image\/png","copyright":{"license":"U"},"width":312,"height":409},"altText":"Icon of person struggling to carry circle with &quot;i&quot; on their back"},"library":"H5P.TextNImage 1.0","metadata":{"contentType":"Text and Image","license":"U","title":"Untitled Text and Image"},"subContentId":"9c747ecc-9f1f-4f7e-a234-e2e47fd7d091"},"useSeparator":"disabled"},{"content":{"params":{"text":"<h2><span><span><span>Land Acknowledgement<\/span><\/span><\/span><\/h2>\n\n<p><span><span><span>The <a href=\"http:\/\/nctr.ca\/assets\/reports\/Final%20Reports\/Executive_Summary_English_Web.pdf\" target=\"_blank\"><span><span><span>Truth and Reconciliation Commission of Canada<\/span><\/span><\/span><\/a>\u2019s final report calls for 94 actions toward restoring a balanced relationship between Indigenous peoples and settler communities in this country.&nbsp;&nbsp;<\/span><\/span><\/span><\/p>\n\n<p><strong><span><span><span>We encourage you to not only acknowledge the traditional territory on which your institution resides, but to also ground this acknowledgement with action.&nbsp;&nbsp;<\/span><\/span><\/span><\/strong><\/p>\n\n<p><span><span>A great resource for this is<strong>&nbsp;<\/strong><\/span><\/span><span><span><strong><a href=\"https:\/\/native-land.ca\/\" target=\"_blank\"><span><span><span>Native Land<\/span><\/span><\/span><\/a>.<\/strong>&nbsp;We also suggest looking at the resources provided by the <strong>The <a href=\"https:\/\/xwi7xwa.library.ubc.ca\/\" target=\"_blank\"><span><span><span>Xwi7xwa Library<\/span><\/span><\/span><\/a><\/strong>, which is a centre for academic and community Indigenous scholarship.&nbsp;Its collections and services reflect Aboriginal approaches to teaching, learning, and research, and it is the only branch of an academic library in Canada that is entirely dedicated to Indigenous materials.<\/span><\/span><\/p>\n"},"library":"H5P.AdvancedText 1.1","metadata":{"contentType":"Text","license":"U","title":"Untitled Text"},"subContentId":"52b492ee-4593-4fc2-b5d7-b605c8064618"},"useSeparator":"enabled"}]},"library":"H5P.ColumnCustom 1.0","subContentId":"49fae81f-5816-4696-8eda-5a6db922665f","metadata":{"contentType":"ColumnCustom","license":"U","title":"Introduction"}},{"params":{"content":[{"content":{"params":{"sideToggle":true,"expandToggle":false,"content":{"params":{"text":"<h2><span><span>Defining Information Overload<\/span><\/span><\/h2>\n\n<p><span><span>The <a href=\"https:\/\/www.oed.com\/viewdictionaryentry\/Entry\/95568#eid418140\">Oxford English Dictionary<\/a> (2021) defines information overload as the \u201cexposure to or provision of too much information; a problematic situation or state of mental stress arising from this.\u201d<\/span><\/span><\/p>\n\n<p><span><span>As this definition suggests, information overload can cause unnecessary stress and impede your decision-making abilities. As engineers, your ability to identify and overcome information overload will improve the accuracy and efficiency of your work.<\/span><\/span><\/p>\n"},"library":"H5P.AdvancedText 1.1","subContentId":"1ce1dde4-087a-4122-9966-4586a3f7d5b1","metadata":{"contentType":"Text","license":"U","title":"Untitled Text"}},"iconToggle":true,"sideImage":{"path":"images\/sideImage-619be7ffb2da9.png","mime":"image\/png","copyright":{"license":"U"},"width":379,"height":792},"altText":"Librarian avatar gesturing at text"},"library":"H5P.TextNImage 1.0","metadata":{"contentType":"Text and Image","license":"U","title":"Untitled Text and Image"},"subContentId":"1e256247-f1b8-4fe3-aa1d-52a54176b423"},"useSeparator":"disabled"},{"content":{"params":{"text":"<h2><span><span><span>Information overload: a history<\/span><\/span><\/span><\/h2>\n\n<p><span><span>Even though you\u2019re most likely to hear about information overload in the context of the internet, this phenomenon is not new!<\/span><\/span><\/p>\n\n<p><span><span>Although the term \u201cinformation technology\u201d usually brings to mind new advances in computing, an information technology is any medium humans use to record and share information. Throughout the ages, new developments in information technology were often accompanied by concerns about information overload (Blair, 2010).<\/span><\/span><\/p>\n"},"library":"H5P.AdvancedText 1.1","metadata":{"contentType":"Text","license":"U","title":"Untitled Text"},"subContentId":"1ae17667-0cb5-4057-8092-ea457c2702b3"},"useSeparator":"enabled"},{"content":{"params":{"cards":[{"content":{"params":{"content":[{"content":{"params":{"sideToggle":true,"expandToggle":false,"content":{"params":{"text":"<p><span><span>One of the earliest forms of information technology involved writing information down on papyrus, parchment, and eventually paper (Hayes, 2018). <\/span><\/span><\/p>\n\n<p><span><span>Even in ancient times, the practice of recording and storing knowledge left people feeling overwhelmed by information (Blair, 2010). Imagine how overwhelming it must have been to walk into Ancient Egypt\u2019s Royal Library of Alexandria! <\/span><\/span><\/p>\n"},"library":"H5P.AdvancedText 1.1","subContentId":"37ab93f8-f425-4093-85c8-3bb218015edb","metadata":{"contentType":"Text","license":"U","title":"Untitled Text"}},"iconToggle":true,"sideImage":{"path":"images\/sideImage-619be82889f36.png","mime":"image\/png","copyright":{"license":"U"},"width":430,"height":384},"altText":"Icon of scroll with feather pen"},"library":"H5P.TextNImage 1.0","metadata":{"contentType":"Text and Image","license":"U","title":"Untitled Text and Image"},"subContentId":"8747ea6c-4a10-4398-8f44-6f13f676f090"},"useSeparator":"auto"}]},"library":"H5P.ColumnCustom 1.0","metadata":{"contentType":"ColumnCustom","license":"U","title":"Untitled ColumnCustom"},"subContentId":"a4263c64-d578-41fd-90a1-0c64f807bded"},"title":"Ancient Beginnings"},{"content":{"params":{"content":[{"content":{"params":{"sideToggle":true,"expandToggle":false,"content":{"params":{"text":"<p><span><span>The Renaissance saw another significant advance in information technology, with the invention of the printing press. This new way of printing made it easier to produce books and other written materials for distribution among populations that had not previously had access to such things. For the average person at this time, the invention of the printing press opened a whole new world of information that they would have never been able to access previously. <\/span><\/span><\/p>\n\n<p><span><span>At the same time as the printing press was producing more new books than ever before, Renaissance scholars were also rediscovering ancient texts, further adding to the feeling that the amount of available information was becoming overwhelming and unmanageable (Blair, 2010). <\/span><\/span><\/p>\n"},"library":"H5P.AdvancedText 1.1","subContentId":"befa5020-c16c-41fb-9a68-424402d1df7d","metadata":{"contentType":"Text","license":"U","title":"Untitled Text"}},"iconToggle":true,"sideImage":{"path":"images\/sideImage-619be836329c6.png","mime":"image\/png","copyright":{"license":"U"},"width":430,"height":455},"altText":"Icon of printing press"},"library":"H5P.TextNImage 1.0","metadata":{"contentType":"Text and Image","license":"U","title":"Untitled Text and Image"},"subContentId":"30153f58-54dc-4573-b07f-41c3aa04b94d"},"useSeparator":"auto"}]},"library":"H5P.ColumnCustom 1.0","metadata":{"contentType":"ColumnCustom","license":"U","title":"Untitled ColumnCustom"},"subContentId":"c9a708e9-ce6d-435e-a2aa-1dc6eaffac84"},"title":"The Renaissance"},{"content":{"params":{"content":[{"content":{"params":{"sideToggle":true,"expandToggle":false,"content":{"params":{"text":"<p><span><span>In the centuries that followed the Renaissance, the amount of information average people had access to continued to grow. <\/span><\/span><\/p>\n\n<p><span><span>Throughout the 18th and 19th centuries more books were published than ever before, newspaper coverage and circulation improved, and the first magazine was developed (<span>Strother et al.<\/span>, 2012).<\/span><\/span><\/p>\n\n<p><span><span>The late 19th and early 20th centuries also saw the developments of typewriters and other technologies that made it easier to publish academic materials (Barnett, 1964). <\/span><\/span><\/p>\n\n<p><span><span>These increases in new information technologies added to the technologies that came before, resulting in more information, and more information formats, than ever before.<\/span><\/span><\/p>\n"},"library":"H5P.AdvancedText 1.1","subContentId":"2a6905ca-ab00-4bb4-ba6d-3ca3e5a07f82","metadata":{"contentType":"Text","license":"U","title":"Untitled Text"}},"iconToggle":true,"sideImage":{"path":"images\/sideImage-619be845dd7d8.png","mime":"image\/png","copyright":{"license":"U"},"width":363,"height":384},"altText":"Icon of typewriter"},"library":"H5P.TextNImage 1.0","metadata":{"contentType":"Text and Image","license":"U","title":"Untitled Text and Image"},"subContentId":"fe431dff-7281-4d07-982a-6ceae711ea7c"},"useSeparator":"auto"}]},"library":"H5P.ColumnCustom 1.0","metadata":{"contentType":"ColumnCustom","license":"U","title":"Untitled ColumnCustom"},"subContentId":"c2db352a-319f-4a0b-927e-21e972c59978"},"title":"Information Explosion"}]},"library":"H5P.Multicard 1.1","metadata":{"contentType":"Multicard","license":"U","title":"Untitled Multicard"},"subContentId":"53f49404-01b1-4871-a3d3-8cba4d4b03f5"},"useSeparator":"disabled"},{"content":{"params":{"sideToggle":false,"expandToggle":false,"content":{"params":{"text":"<p><strong><span><span>Information as quantifiable and measurable<\/span><\/span><\/strong><\/p>\n\n<p><span><span><span>As the 20th century progressed, engineers began thinking about information in a different, more technical way. <\/span><\/span><\/span><\/p>\n\n<p><span><span><span>In 1948, electrical engineer Claude Shannon suggested that information could be quantified using a \u201cbit\u201d as a unit of measure (Gleick, 2011). Thinking of information in terms of its size, rather than its meaning, was a unique approach that would lead to important technological advances and change the way we think about information in the modern world. <\/span><\/span><\/span><\/p>\n\n<p><span><span>Rather than viewing the world\u2019s information as nearly infinite, researchers have been able to estimate how much digital information is produced year over year. For example, in 2018 an <a href=\"https:\/\/www.seagate.com\/files\/www-content\/our-story\/trends\/files\/idc-seagate-dataage-whitepaper.pdf\">IDC white paper<\/a> estimated the world\u2019s data would grow from 33 zettabytes to 175 zettabytes in 2025 (with a zettabyte equaling 1 trillion gigabytes) (<span>Reinsel et al., 2018)<\/span>.<\/span><\/span><\/p>\n"},"library":"H5P.AdvancedText 1.1","subContentId":"efb8d8b4-50ac-432e-aaa9-c122747dc48a","metadata":{"contentType":"Text","license":"U","title":"Untitled Text"}},"iconToggle":true,"sideImage":{"path":"images\/sideImage-619be85d12277.png","mime":"image\/png","copyright":{"license":"U"},"width":438,"height":416},"altText":"Icon of computer with flowchart graph"},"library":"H5P.TextNImage 1.0","metadata":{"contentType":"Text and Image","license":"U","title":"Untitled Text and Image"},"subContentId":"c2654879-162f-49c3-b80b-9a749fabecef"},"useSeparator":"disabled"},{"content":{"params":{"text":"<h2><span><span><span><span>Causes of information overload<\/span><\/span><\/span><\/span><\/h2>\n\n<p><span><span>With so much information at our fingertips today, it\u2019s not surprising that information overload can become a problem. <\/span><\/span><\/p>\n"},"library":"H5P.AdvancedText 1.1","metadata":{"contentType":"Text","license":"U","title":"Untitled Text"},"subContentId":"443bb8b3-a3f7-4ce3-be3c-397fb48bba0c"},"useSeparator":"enabled"},{"content":{"params":{"resizeSupported":true,"source":"https:\/\/anthonymricci.com\/h5p\/pdfs\/mod1causes.pdf"},"library":"H5P.IFrameEmbed 1.0","metadata":{"contentType":"Iframe Embedder","license":"U","title":"Untitled Iframe Embedder"},"subContentId":"61cc7c72-ba3f-4357-989a-f62c65b8f464"},"useSeparator":"disabled"},{"content":{"params":{"uploadedFile":{"path":"files\/uploadedFile-61b8d2db0e83d.pdf","mime":"application\/pdf","copyright":{"license":"U"}},"fileName":"Common Causes of Information Overload"},"library":"H5P.FileDownload 1.0","metadata":{"contentType":"File Download","license":"U","title":"Untitled File Download"},"subContentId":"b2b7fb5a-bb88-494a-a3e9-18afdc7e3cbb"},"useSeparator":"disabled"},{"content":{"params":{"text":"<p><span><span>There are also elements of the information landscape that can complicate your search for information and contribute to information overload. This section will describe some of these factors.<\/span><\/span><\/p>\n"},"library":"H5P.AdvancedText 1.1","metadata":{"contentType":"Text","license":"U","title":"Untitled Text"},"subContentId":"6900a131-d483-4e6b-81cf-dc5b5b0e05ad"},"useSeparator":"disabled"},{"content":{"params":{"text":"<h3><span><span><span>Ease of duplication and transmission<\/span> <\/span><\/span><\/h3>\n\n<p><span><span>One side effect of the internet making the production and transmission of information easier than ever before, is that it has also become easier to duplicate information.<\/span><\/span><\/p>\n\n<p><span><span>This means that in addition to the overwhelming quantity of original information available on the internet, we must also sift through copies and reproductions to find what we\u2019re looking for.<\/span><\/span><\/p>\n\n<p><span><span>Duplicated information:<\/span><\/span><\/p>\n\n<ol>\n\t<li><span><span><span><span lang=\"EN-US\"><span>Gives us more sources to search through to find new information.<\/span><\/span><\/span><\/span><\/span><\/li>\n\t<li><span><span><span><span lang=\"EN-US\"><span>Can make it difficult to track down an original source.<\/span><\/span><\/span><\/span><\/span><\/li>\n\t<li><span><span><span><span lang=\"EN-US\"><span>Makes it harder to follow the scholarly or professional conversation.<\/span><\/span><\/span><\/span><\/span><\/li>\n\t<li><span><span><span><span lang=\"EN-US\"><span>Can lead to greater feelings of uncertainty about a topic or the reliability of the information found.<\/span><\/span><\/span><\/span><\/span><\/li>\n\t<li><span><span><span><span lang=\"EN-US\"><span>Can make it difficult to tell the difference between good information that has been verified by multiple sources and false information being duplicated<\/span><\/span><\/span><\/span><\/span><\/li>\n<\/ol>\n"},"library":"H5P.AdvancedText 1.1","metadata":{"contentType":"Text","license":"U","title":"Untitled Text"},"subContentId":"2f68c58e-f2b7-4c28-8c3e-93b44229aac7"},"useSeparator":"enabled"},{"content":{"params":{"sideToggle":false,"expandToggle":false,"content":{"params":{"text":"<h3><span><span>Increase in available channels<\/span><\/span><\/h3>\n\n<p><span><span>In today\u2019s world we have information coming at us all the time, through a variety of different channels.<\/span><\/span><\/p>\n\n<p><span><span>For example, we receive information through:<\/span><\/span><\/p>\n\n<ul>\n\t<li><span><span><span><span lang=\"EN-US\"><span>Phone calls<\/span><\/span><\/span><\/span><\/span><\/li>\n\t<li><span><span><span><span lang=\"EN-US\"><span>Text messaging<\/span><\/span><\/span><\/span><\/span><\/li>\n\t<li><span><span><span><span lang=\"EN-US\"><span>Email<\/span><\/span><\/span><\/span><\/span><\/li>\n\t<li><span><span><span><span lang=\"EN-US\"><span>Social media<\/span><\/span><\/span><\/span><\/span><\/li>\n\t<li><span><span><span><span lang=\"EN-US\"><span>Pop-up notifications<\/span><\/span><\/span><\/span><\/span><\/li>\n\t<li><span><span><span><span lang=\"EN-US\"><span>Streaming video<\/span><\/span><\/span><\/span><\/span><\/li>\n<\/ul>\n\n<p><span><span>This means you aren\u2019t just contributing to information overload while you\u2019re actively searching for information. As the number of channels increases, it becomes more difficult to take a break from information, even in your personal time.<\/span><\/span><\/p>\n"},"library":"H5P.AdvancedText 1.1","subContentId":"1dba726c-7ab7-4462-8113-f8b86107494d","metadata":{"contentType":"Text","license":"U","title":"Untitled Text"}},"iconToggle":true,"sideImage":{"path":"images\/sideImage-619be89044acc.png","mime":"image\/png","copyright":{"license":"U"},"width":301,"height":363},"altText":"Icon of phone with person and speech bubble within"},"library":"H5P.TextNImage 1.0","metadata":{"contentType":"Text and Image","license":"U","title":"Untitled Text and Image"},"subContentId":"4d5e3d78-1870-467f-9872-2ec34c09db43"},"useSeparator":"enabled"},{"content":{"params":{"sideToggle":true,"expandToggle":false,"content":{"params":{"text":"<h3><span><span><span>Contradictions and inaccuracies<\/span><\/span><\/span><\/h3>\n\n<p><span><span>While you\u2019re looking for information, it can be tempting to search for an objective truth or the \u201cright answer.\u201d This approach can be problematic, as contradictions and disagreement are common within engineering.<\/span><\/span><\/p>\n\n<p><span><span>Beyond disagreements in the field, the ease of information creation and transmission in the modern era has led to the spread of intentionally misleading or incorrect information, now widely called <strong>misinformation.<\/strong><\/span><\/span><\/p>\n\n<p><span><span>For a more detailed discussion of misinformation, see the Engineering Literacy module \u201cMisinformation, Trust, and Bias.\u201d<\/span><\/span><\/p>\n"},"library":"H5P.AdvancedText 1.1","subContentId":"325a2824-6cdb-4c2f-9fe4-9aeb831f4586","metadata":{"contentType":"Text","license":"U","title":"Untitled Text"}},"iconToggle":true,"sideImage":{"path":"images\/sideImage-619be8a925f5c.png","mime":"image\/png","copyright":{"license":"U"},"width":379,"height":792},"altText":"Librarian avatar gesturing at text"},"library":"H5P.TextNImage 1.0","metadata":{"contentType":"Text and Image","license":"U","title":"Untitled Text and Image"},"subContentId":"644fd080-6391-4258-a367-855b10d45b2e"},"useSeparator":"enabled"},{"content":{"params":{"sideToggle":false,"expandToggle":false,"content":{"params":{"text":"<h3><span><span>No standard method<\/span><\/span><\/h3>\n\n<p><span><span>Unlike many aspects of engineering where there are standards, codes, or established practices that help guide you, comparing and processing different kinds of information has no established method.<\/span><\/span><\/p>\n\n<p><span><span>Without a set of rules to follow, it can be easy to start feeling uncertain and overwhelmed. Building a strong information skillset takes time, but with practice, finding and evaluating information gets easier!<\/span><\/span><\/p>\n"},"library":"H5P.AdvancedText 1.1","subContentId":"3da8b019-53b7-47d6-b8ba-cc302fb72314","metadata":{"contentType":"Text","license":"U","title":"Untitled Text"}},"iconToggle":true,"sideImage":{"path":"images\/sideImage-619be8c66f01f.png","mime":"image\/png","copyright":{"license":"U"},"width":666,"height":1505},"altText":"Avatar of person thinking with hand on chin"},"library":"H5P.TextNImage 1.0","metadata":{"contentType":"Text and Image","license":"U","title":"Untitled Text and Image"},"subContentId":"b1fc850a-1dfe-40d2-b85d-6c1ffa1f36ea"},"useSeparator":"enabled"},{"content":{"params":{"text":"<h3><span><span>Low signal-to-noise ratio<\/span><\/span><\/h3>\n\n<p><span><span>The signal-to-noise ratio, which refers to the ratio of a signal\u2019s power to the power of background interference, was also developed by engineers (Butterfield &amp; Szymanski, 2018). <\/span><\/span><\/p>\n\n<p><span><span>When looking for information, the signal is high quality information that is relevant for you needs, and the noise is lower quality and\/or unrelated information. With so much information available on the internet today, the signal-to-noise ratio is low, meaning you will have to spend more time sorting through the noise to find what you\u2019re looking for.<\/span><\/span><\/p>\n"},"library":"H5P.AdvancedText 1.1","metadata":{"contentType":"Text","license":"U","title":"Untitled Text"},"subContentId":"b5bcd4de-2d7e-447c-9646-865f05ed9445"},"useSeparator":"enabled"},{"content":{"params":{"media":{"disableImageZooming":false},"correct":"false","behaviour":{"enableRetry":false,"enableSolutionsButton":false,"enableCheckButton":true,"confirmCheckDialog":false,"confirmRetryDialog":false,"autoCheck":false,"feedbackOnCorrect":"Information overload can also occur when you spend too much time interacting with information during your professional and personal life, or when you\u2019re unsure of what information you can trust.","feedbackOnWrong":"Information overload can also occur when you spend too much time interacting with information during your professional and personal life, or when you\u2019re unsure of what information you can trust."},"l10n":{"trueText":"True","falseText":"False","score":"You got @score of @total points","checkAnswer":"Check","showSolutionButton":"Show solution","tryAgain":"Retry","wrongAnswerMessage":"Wrong answer","correctAnswerMessage":"Correct answer","scoreBarLabel":"You got :num out of :total points","a11yCheck":"Check the answers. The responses will be marked as correct, incorrect, or unanswered.","a11yShowSolution":"Show the solution. The task will be marked with its correct solution.","a11yRetry":"Retry the task. Reset all responses and start the task over again."},"confirmCheck":{"header":"Finish ?","body":"Are you sure you wish to finish ?","cancelLabel":"Cancel","confirmLabel":"Finish"},"confirmRetry":{"header":"Retry ?","body":"Are you sure you wish to retry ?","cancelLabel":"Cancel","confirmLabel":"Confirm"},"question":"<p>Information overload only occurs when you\u2019ve found too much information to answer a question.<\/p>\n"},"library":"H5P.TrueFalse 1.6","metadata":{"contentType":"True\/False Question","license":"U","title":"Check your understanding"},"subContentId":"f18cc35e-2693-48dc-8085-51c17e2d2346"},"useSeparator":"enabled"},{"content":{"params":{"sideToggle":true,"expandToggle":false,"content":{"params":{"text":"<h2><span><span><span>Confirmation bias<\/span><\/span><\/span><\/h2>\n\n<p><span><span>Confirmation bias refers to the tendency for most people to be drawn to and prefer to use information that supports the ideas and perspectives they already hold (Chandler &amp; Munday, 2020). <\/span><\/span><\/p>\n\n<p><span><span>Confirmation bias can contribute to information overload by causing us to feel added stress and uncertainty toward information that we didn\u2019t expect to find or that contradicts our beliefs. <\/span><\/span><\/p>\n\n<p><span><span>Information overload can also lead to increased confirmation bias. As people begin feeling overwhelmed with information, their decision-making processes become compromised, leaving them more likely to make biased, emotional decisions about what information to focus on, versus what to ignore (Goette et al., 2020).<\/span><\/span><\/p>\n"},"library":"H5P.AdvancedText 1.1","subContentId":"06c1dbbf-185f-4d7d-8e87-120c46b03c64","metadata":{"contentType":"Text","license":"U","title":"Untitled Text"}},"iconToggle":true,"sideImage":{"path":"images\/sideImage-619be8d9c3689.png","mime":"image\/png","copyright":{"license":"U"},"width":379,"height":792},"altText":"Librarian avatar gesturing at text"},"library":"H5P.TextNImage 1.0","metadata":{"contentType":"Text and Image","license":"U","title":"Untitled Text and Image"},"subContentId":"1398264a-f108-4478-85f6-7b683b251a14"},"useSeparator":"enabled"},{"content":{"params":{"sideToggle":false,"expandToggle":false,"content":{"params":{"text":"<h2><span><span>Online Accuracy<\/span><\/span><\/h2>\n\n<p><span><span>The internet can make finding information easy; however, the exchange you make for ease of discovery is a possible lack of accuracy. <\/span><\/span><\/p>\n\n<p><span><span>Part of your professional responsibility as an engineer, is to learn how to identify accurate vs. inaccurate information.<\/span><\/span><\/p>\n\n<p><span><span>Determining whether or not a source is reliable sometimes requires extra research to see if the information can be verified by other sources or to check the qualifications of an author. These extra steps can add to feelings of information overload. <\/span><\/span><\/p>\n\n<p><span><span>For more information on how to evaluate sources for credibility and reliability, see the Engineering Literacy module \u201cInformation Evaluation &amp; Filtering.\u201d<\/span><\/span><\/p>\n"},"library":"H5P.AdvancedText 1.1","subContentId":"29d6464d-7f6d-4e32-b372-10a58574ee11","metadata":{"contentType":"Text","license":"U","title":"Untitled Text"}},"iconToggle":true,"sideImage":{"path":"images\/sideImage-619be8f34b3c1.png","mime":"image\/png","copyright":{"license":"U"},"width":489,"height":440},"altText":"Icon of browser window with magnifying glass at corner"},"library":"H5P.TextNImage 1.0","metadata":{"contentType":"Text and Image","license":"U","title":"Untitled Text and Image"},"subContentId":"59bffab5-d6d5-4b0c-9907-4931e7b47496"},"useSeparator":"enabled"},{"content":{"params":{"text":"<h2><span><span><span>Social Media<\/span><\/span><\/span><\/h2>\n\n<p><span><span>Social media can come in a variety of different forms, from Instagram and TikTok to YouTube and Reddit, and each form of social media allows you to interact with and share information in different ways. <\/span><\/span><\/p>\n\n<p><span><span>It\u2019s important to remember that even if you are using social media to relax in your personal time, you are still taking in information when you use it. Research shows that taking in additional information through social media can lead to information overload (Lee et al., 2016).<\/span><\/span><\/p>\n\n<p><span><span>Social media content can also contribute to information overload by leading users to feel like there are too many posts to catch up on, or by facilitating confirmation bias.<\/span><\/span><\/p>\n"},"library":"H5P.AdvancedText 1.1","metadata":{"contentType":"Text","license":"U","title":"Untitled Text"},"subContentId":"d42e654d-ba81-4e17-8b67-99546d955c6f"},"useSeparator":"enabled"},{"content":{"params":{"cards":[{"content":{"params":{"text":"<p><span style=\"font-size:1.125em;\">Vandenbosch and Higgins (1996) discovered that the way people take in information impacts how they learn.<\/span><\/p>\n\n<p><span style=\"font-size:1.125em;\">These authors found that business executives who searched for answers to a problem were more likely to confirm their preexisting beliefs, whereas executives who took the time to scan through the information to better understand problems were more likely to learn new things and change their perspectives.<\/span><\/p>\n\n<p><span style=\"font-size:1.125em;\">Think about how this impacts your own learning and problem solving. <\/span><\/p>\n\n<ul>\n\t<li><span style=\"font-size:1.125em;\"><span lang=\"EN-US\">If relaxed scanning is more likely to help you learn, then you are more likely to learn new information from social media.<\/span><\/span><\/li>\n\t<li><span style=\"font-size:1.125em;\"><span lang=\"EN-US\">If focused searching is more likely to confirm what you already believe to be true, then searching Reddit to solve a problem might keep you from discovering new perspectives.<\/span><\/span><\/li>\n<\/ul>\n"},"library":"H5P.AdvancedText 1.1","subContentId":"1925c5ee-dd87-4527-b47d-2ca87961d639","metadata":{"contentType":"Text","license":"U","title":"Untitled Text"}},"title":"Impacts on learning"},{"content":{"params":{"text":"<p><span style=\"font-size:1.125em;\">If you think about your own social media, chances are you primarily interact with friends, family, and others who think like you do.<\/span><\/p>\n\n<p><span style=\"font-size:1.125em;\">This is how echo chambers are created. Within your own group of likeminded contacts, you are more likely to learn new information. <\/span><\/p>\n\n<p><span style=\"font-size:1.125em;\">If you are actively searching for information on social media, these communities are also more likely to provide an answer you\u2019ll agree with. Plus, being focused on searching will make it more difficult to think outside of the social media echo chamber.<\/span><\/p>\n"},"library":"H5P.AdvancedText 1.1","subContentId":"68181c3e-1960-400f-a390-4bcf7b1cd5dc","metadata":{"contentType":"Text","license":"U","title":"Untitled Text"}},"title":"Confirmation bias in social media"}]},"library":"H5P.CardGrid 1.1","metadata":{"contentType":"Card Grid","license":"U","title":"Untitled Card Grid"},"subContentId":"4bd9e7fa-d757-49d3-bbb1-9bcb58ce5f3a"},"useSeparator":"disabled"},{"content":{"params":{"text":"<h2><span><span>Email &amp; Online Communication<\/span><\/span><\/h2>\n\n<p><span><span>In addition to social media, most of us also receive information through our various email accounts and other online communication tools. This type of communication is especially critical in professional engineering environments.<\/span><\/span><\/p>\n"},"library":"H5P.AdvancedText 1.1","metadata":{"contentType":"Text","license":"U","title":"Untitled Text"},"subContentId":"47ce38d7-264d-4891-b34b-251222d16a1a"},"useSeparator":"enabled"},{"content":{"params":{"cards":[{"content":{"params":{"text":"<p><span style=\"font-size:1.125em;\">In a 2011 study, Barley et al. found that the more email an individual handled in a day, the more likely they were to feel the effects of information overload. Between the constant flow of information into our inboxes and the stress surrounding when and how to reply, many people view email as the main source of information related stress in their lives. <\/span><\/p>\n\n<p><span style=\"font-size:1.125em;\">Barley et al. (2011) also noted that because people tended to be so focused on the overload caused by email, they were less likely to acknowledge information overload in other areas of their lives, making it more difficult for them to address the problem.<\/span><\/p>\n\n<p><span style=\"font-size:1.125em;\">Many of us have separate email accounts for personal, academic, and professional uses, multiplying the amount of email we receive and the levels of stress it causes.<\/span><\/p>\n"},"library":"H5P.AdvancedText 1.1","subContentId":"1a11177c-0993-4433-acbd-c5044d66ab67","metadata":{"contentType":"Text","license":"U","title":"Untitled Text"}},"title":"Email"},{"content":{"params":{"text":"<p><span style=\"font-size:1.125em;\">As a student, you are also expected to use a variety of academic tools to communicate with your instructors and classmates.<\/span><\/p>\n\n<p><span style=\"font-size:1.125em;\">These may include:<\/span><\/p>\n\n<ol>\n\t<li><span style=\"font-size:1.125em;\"><span lang=\"EN-US\">Your institution\u2019s learning management system (e.g. Desire2Learn, Owl, Moodle, or Blackboard)<\/span><\/span><\/li>\n\t<li><span style=\"font-size:1.125em;\"><span lang=\"EN-US\">Slack<\/span><\/span><\/li>\n\t<li><span style=\"font-size:1.125em;\"><span lang=\"EN-US\">Discord<\/span><\/span><\/li>\n\t<li><span style=\"font-size:1.125em;\"><span lang=\"EN-US\">Collaboration software like Google docs or Google drive<\/span><\/span><\/li>\n\t<li><span style=\"font-size:1.125em;\"><span lang=\"EN-US\">Video conferencing software like Microsoft Teams or Zoom<\/span><\/span><\/li>\n<\/ol>\n\n<p><span style=\"font-size:1.125em;\">Making use of so many different tools adds to information overload because each tool organizes and presents information in different ways.<\/span><\/p>\n"},"library":"H5P.AdvancedText 1.1","subContentId":"553df94a-faac-4d66-bcc4-8a0c647538e7","metadata":{"contentType":"Text","license":"U","title":"Untitled Text"}},"title":"Academic tools"}]},"library":"H5P.CardGrid 1.1","metadata":{"contentType":"Card Grid","license":"U","title":"Untitled Card Grid"},"subContentId":"3bcc25f5-e971-4f9f-9ed7-506b63f072ab"},"useSeparator":"disabled"}]},"library":"H5P.ColumnCustom 1.0","subContentId":"f520d99f-1599-4db2-af06-a7d6b0027a84","metadata":{"contentType":"ColumnCustom","license":"U","title":"Defining Information Overload"}},{"params":{"content":[{"content":{"params":{"text":"<h2><span><span><span>Effects of information overload<\/span><\/span><\/span><\/h2>\n\n<p><span><span>Managing information overload is important because it can have negative effects on your mental health and wellbeing, as well as your professional performance.<\/span><\/span><\/p>\n"},"library":"H5P.AdvancedText 1.1","metadata":{"contentType":"Text","license":"U","title":"Untitled Text"},"subContentId":"7e0756ac-d4b1-4a49-8c5d-04b9b2fc58bb"},"useSeparator":"auto"},{"content":{"params":{"resizeSupported":true,"source":"https:\/\/anthonymricci.com\/h5p\/pdfs\/mod1effects.pdf"},"library":"H5P.IFrameEmbed 1.0","metadata":{"contentType":"Iframe Embedder","license":"U","title":"Untitled Iframe Embedder"},"subContentId":"0fc1c99a-abfd-40be-94b0-433e0613ae64"},"useSeparator":"disabled"},{"content":{"params":{"uploadedFile":{"path":"files\/uploadedFile-61b8d353988e0.pdf","mime":"application\/pdf","copyright":{"license":"U"}},"fileName":"Effects of Information Overload"},"library":"H5P.FileDownload 1.0","metadata":{"contentType":"File Download","license":"U","title":"Untitled File Download"},"subContentId":"57aa0153-d021-4034-9293-e9e4c30ada62"},"useSeparator":"disabled"},{"content":{"params":{"text":"<p><span><span>(Strother et al., 2012)<\/span><\/span><\/p>\n"},"library":"H5P.AdvancedText 1.1","metadata":{"contentType":"Text","license":"U","title":"Untitled Text"},"subContentId":"1cba765d-ef2a-410d-b5a1-f34150acd30d"},"useSeparator":"disabled"},{"content":{"params":{"sideToggle":true,"expandToggle":false,"content":{"params":{"text":"<h2><span><span><span>Satisficing<\/span><\/span><\/span><\/h2>\n\n<p><span><span>Information overload can lead to a decision-making strategy known as \u201csatisficing.\u201d<\/span><\/span><\/p>\n\n<p><span><span>The term <strong>satisficing<\/strong> is a combination of the words <strong>satisfy<\/strong> and <strong>suffice<\/strong>, and refers to the idea that when there are barriers to making optimal decisions, decision-makers are forced to make decisions that are simply are \u201cgood enough\u201d (Simon, 1955).<\/span><\/span><\/p>\n\n<p><span><span>In the context of research, an engineer who is satisficing would only find enough information to reasonably answer a question or solve a problem, rather than taking the time to dig deeper and make sure they\u2019ve found the best possible answer.<\/span><\/span><\/p>\n\n<p><span><span>As engineers, you won\u2019t have the time to review every piece of relevant information, but you will have to make sure you have covered enough to make reasonable, informed, ethical decisions. Finding this balance will be easier if you aren\u2019t feeling stressed and overwhelmed by information overload.<\/span><\/span><\/p>\n"},"library":"H5P.AdvancedText 1.1","subContentId":"8c15a9fc-7418-432f-84a3-336a6f3da2e4","metadata":{"contentType":"Text","license":"U","title":"Untitled Text"}},"iconToggle":true,"sideImage":{"path":"images\/sideImage-619be945994fb.png","mime":"image\/png","copyright":{"license":"U"},"width":379,"height":792},"altText":"Librarian avatar gesturing at text"},"library":"H5P.TextNImage 1.0","metadata":{"contentType":"Text and Image","license":"U","title":"Untitled Text and Image"},"subContentId":"bcb40635-4393-45ba-82fc-6a94173cb798"},"useSeparator":"enabled"}]},"library":"H5P.ColumnCustom 1.0","subContentId":"f1f6e60f-58cb-4ada-b9c7-12a28f018103","metadata":{"contentType":"ColumnCustom","license":"U","title":"Effects of information overload"}},{"params":{"content":[{"content":{"params":{"sideToggle":true,"expandToggle":false,"content":{"params":{"text":"<h2><span><span><span>Responding to information overload<\/span><\/span><\/span><\/h2>\n\n<p><span><span>Part of responding to information overload is being aware that it exists. Awareness helps you start to think about strategies for working within an information landscape where this is happening.<\/span><\/span><\/p>\n\n<p><span><span>Two of the main ways you can deal with information overload are:<\/span><\/span><\/p>\n\n<ul>\n\t<li><span><span><span><span lang=\"EN-US\"><span>Reducing the amount of information you take in each day.<\/span><\/span><\/span><\/span><\/span><\/li>\n\t<li><span><span><span><span lang=\"EN-US\"><span>Enhancing your ability to process the information you encounter.<\/span><\/span><\/span><\/span><\/span><\/li>\n<\/ul>\n\n<p><span><span>Savolainen (2007) notes that most people benefit from some combination of these two strategies.<\/span><\/span><\/p>\n"},"library":"H5P.AdvancedText 1.1","subContentId":"e3db106c-b01c-41c6-8958-54ae3aaabc35","metadata":{"contentType":"Text","license":"U","title":"Untitled Text"}},"iconToggle":true,"sideImage":{"path":"images\/sideImage-619be952d5827.png","mime":"image\/png","copyright":{"license":"U"},"width":379,"height":792},"altText":"Librarian avatar gesturing at text"},"library":"H5P.TextNImage 1.0","metadata":{"contentType":"Text and Image","license":"U","title":"Untitled Text and Image"},"subContentId":"d3d19499-411d-4bd3-a954-9482194cc898"},"useSeparator":"disabled"},{"content":{"params":{"sideToggle":false,"expandToggle":false,"content":{"params":{"text":"<h2><span><span><span>Reduce amount<\/span><\/span><\/span><\/h2>\n\n<p><span><span>The best way to protect against feeling overwhelmed by information is to learn to step away from an information rich environment and take a break.<\/span><\/span><\/p>\n\n<p><span><span>According to Savolainen (2007) minimizing the amount of information you view and deal with each day can protect against information overload.<\/span><\/span><\/p>\n\n<p><span><span>It\u2019s important to remember that this does not just apply to the information you encounter in your professional or academic life. If you are still working with information in your spare time, by texting, browsing social media, or streaming video, you are still consuming information.<\/span><\/span><\/p>\n\n<p><span><span>Try taking a break that doesn\u2019t involve information or text, like taking a walk or listening to instrumental music.<\/span><\/span><\/p>\n"},"library":"H5P.AdvancedText 1.1","subContentId":"ec1947c8-8739-4f5e-baa6-c6a74629f8ca","metadata":{"contentType":"Text","license":"U","title":"Untitled Text"}},"iconToggle":true,"sideImage":{"path":"images\/sideImage-619be96796359.png","mime":"image\/png","copyright":{"license":"U"},"width":468,"height":439},"altText":"Icon of person walking away from desk to take a break"},"library":"H5P.TextNImage 1.0","metadata":{"contentType":"Text and Image","license":"U","title":"Untitled Text and Image"},"subContentId":"e763d2b1-db89-45b6-b581-7629d1e6fd9d"},"useSeparator":"enabled"},{"content":{"params":{"sideToggle":true,"expandToggle":false,"content":{"params":{"text":"<h2><span><span><span>Enhance ability to process<\/span><\/span><\/span><\/h2>\n\n<p><span><span>This strategy for dealing with information overload focuses on dealing with information more efficiently and effectively to prevent or reduce feelings of stress.<\/span><\/span><\/p>\n\n<p><span><span>Processing strategies could include:<\/span><\/span><\/p>\n\n<ul>\n\t<li><span><span><span><span lang=\"EN-US\"><span>Using spam filters in your email to screen out irrelevant messages automatically.<\/span><\/span><\/span><\/span><\/span><\/li>\n\t<li><span><span><span><span lang=\"EN-US\"><span>Minimizing distractions so you can give your full attention to a task. For example, turning off push notifications can help you avoid focusing on multiple information tasks at once.<\/span><\/span><\/span><\/span><\/span><\/li>\n\t<li><span><span><span><span lang=\"EN-US\"><span>Creating more specific search queries to bring up more relevant results, giving you less to sort through.<\/span><\/span><\/span><\/span><\/span><\/li>\n\t<li><span><span><span><span lang=\"EN-US\"><span>Learning where the best places are to search for specific types of information.<\/span><\/span><\/span><\/span><\/span><\/li>\n\t<li><span><span><span><span lang=\"EN-US\"><span>Being clear on what types of sources or information will not be helpful for you, so you can quickly disregard them and move on to more useful sources.<\/span><\/span><\/span><\/span><\/span><\/li>\n<\/ul>\n\n<p><span><span>While processing information more effectively can help you avoid information overload for longer, it is still important to take regular breaks from information platforms to recharge and prevent becoming overloaded.<\/span><\/span><\/p>\n"},"library":"H5P.AdvancedText 1.1","subContentId":"c830d519-5ae0-4032-aac5-45bdfaa0d861","metadata":{"contentType":"Text","license":"U","title":"Untitled Text"}},"iconToggle":true,"sideImage":{"path":"images\/sideImage-619be9853eabd.png","mime":"image\/png","copyright":{"license":"U"},"width":402,"height":792},"altText":"Librarian avatar smiling and gesturing at text"},"library":"H5P.TextNImage 1.0","metadata":{"contentType":"Text and Image","license":"U","title":"Untitled Text and Image"},"subContentId":"874d6cc5-577a-4ba1-9e84-8217e61c34ae"},"useSeparator":"enabled"},{"content":{"params":{"media":{"disableImageZooming":false},"answers":[{"correct":false,"tipsAndFeedback":{"tip":"","chosenFeedback":"Incorrect \u2013 we love cat videos as much as you, but streaming video still counts as consuming information!\n","notChosenFeedback":"Incorrect \u2013 we love cat videos as much as you, but streaming video still counts as consuming information!\n"},"text":"<div>Watch some funny cat videos on YouTube to recharge<\/div>\n"},{"correct":true,"tipsAndFeedback":{"chosenFeedback":"Correct!\n","notChosenFeedback":"<div>Correct!<\/div>\n","tip":""},"text":"<div>Take a break away from text and information <\/div>\n"},{"correct":true,"tipsAndFeedback":{"chosenFeedback":"Correct \u2013 but we suggest taking a break first!\n","notChosenFeedback":"<div>Correct \u2013 but we suggest taking a break first!<\/div>\n","tip":""},"text":"<div>Reflect on how you could optimize the way you deal with information in the future<\/div>\n"},{"correct":false,"tipsAndFeedback":{"chosenFeedback":"Incorrect \u2013 pushing through could cause you to be less effective, make poor decisions, and burn out.\n","notChosenFeedback":"<div>Incorrect \u2013 pushing through could cause you to be less effective, make poor decisions, and burn out.<\/div>\n","tip":""},"text":"<div>Push through. There\u2019s no time to deal with that right now.<\/div>\n"}],"overallFeedback":[{"from":0,"to":100}],"behaviour":{"enableRetry":false,"enableSolutionsButton":false,"enableCheckButton":true,"type":"auto","singlePoint":false,"randomAnswers":false,"showSolutionsRequiresInput":true,"confirmCheckDialog":false,"confirmRetryDialog":false,"autoCheck":false,"passPercentage":100,"showScorePoints":false},"UI":{"checkAnswerButton":"Check","showSolutionButton":"Show solution","tryAgainButton":"Retry","tipsLabel":"Show tip","scoreBarLabel":"You got :num out of :total points","tipAvailable":"Tip available","feedbackAvailable":"Feedback available","readFeedback":"Read feedback","wrongAnswer":"Wrong answer","correctAnswer":"Correct answer","shouldCheck":"Should have been checked","shouldNotCheck":"Should not have been checked","noInput":"Please answer before viewing the solution","a11yCheck":"Check the answers. The responses will be marked as correct, incorrect, or unanswered.","a11yShowSolution":"Show the solution. The task will be marked with its correct solution.","a11yRetry":"Retry the task. Reset all responses and start the task over again."},"confirmCheck":{"header":"Finish ?","body":"Are you sure you wish to finish ?","cancelLabel":"Cancel","confirmLabel":"Finish"},"confirmRetry":{"header":"Retry ?","body":"Are you sure you wish to retry ?","cancelLabel":"Cancel","confirmLabel":"Confirm"},"question":"<p>What should you do if you feel like you may be experiencing information overload? Select all that apply.<\/p>\n"},"library":"H5P.MultiChoice 1.14","metadata":{"contentType":"Multiple Choice","license":"U","title":"Check your understanding"},"subContentId":"46649124-bab6-4dab-b268-77daf65ff650"},"useSeparator":"enabled"}]},"library":"H5P.ColumnCustom 1.0","subContentId":"8079105c-8a82-478e-86ef-8a2124fd648f","metadata":{"contentType":"ColumnCustom","license":"U","title":"Responding to Information Overload"}},{"params":{"content":[{"content":{"params":{"sideToggle":true,"expandToggle":false,"content":{"params":{"text":"<h2><span><span><span>Final Thoughts<\/span><\/span><\/span><\/h2>\n\n<p><span><span><span>Engineers have an ethical responsibility to effectively evaluate and integrate information into their work, but information overload can make this difficult.<\/span><\/span><\/span><\/p>\n\n<p><span><span><span>Information overload has been shown to negatively affect academic and professional performance and decision making (Strother et al., 2012). <\/span><\/span><\/span><\/p>\n\n<p><span><span><span>As an engineer, you will need to be able to make important decisions that others can count on, but if you are in a state of information overload, your ability to do this is compromised. <\/span><\/span><\/span><\/p>\n\n<p><span><span><span>Learning to manage information overload now can help you to be a more effective student and build information habits that will continue to serve you into your professional career.<\/span><\/span><\/span><\/p>\n"},"library":"H5P.AdvancedText 1.1","subContentId":"e271c7c8-323b-475b-b155-cc5d84cc8e3d","metadata":{"contentType":"Text","license":"U","title":"Untitled Text"}},"iconToggle":true,"sideImage":{"path":"images\/sideImage-619be9a4b257e.png","mime":"image\/png","copyright":{"license":"U"},"width":312,"height":409},"altText":"Icon of person struggling to carry circle with &quot;i&quot; on their back"},"library":"H5P.TextNImage 1.0","metadata":{"contentType":"Text and Image","license":"U","title":"Untitled Text and Image"},"subContentId":"70c3baab-c80b-4d3e-89e9-6e755feef4dd"},"useSeparator":"disabled"},{"content":{"params":{"text":"<h2><span><span><span>Graduate attributes<\/span><\/span><\/span><\/h2>\n\n<p><span><span>3.1.7 Communication skills: An ability to communicate complex engineering concepts within the profession and with society at large. Such ability includes reading, writing, speaking and listening, and the ability to comprehend and write effective reports and design documentation, and to give and effectively respond to clear instructions.<\/span><\/span><\/p>\n\n<p><span><span>3.1.8 Professionalism: An understanding of the roles and responsibilities of the professional engineer in society, especially the primary role of protection of the public and the public interest.<\/span><\/span><\/p>\n\n<p><span><span>3.1.10 Ethics and equity: An ability to apply professional ethics, accountability, and equity.<\/span><\/span><\/p>\n\n<p><span><span>3.1.12 Life-long learning: An ability to identify and to address their own educational needs in a changing world in ways sufficient to maintain their competence and to allow them to contribute to the advancement of knowledge.<\/span><\/span><\/p>\n"},"library":"H5P.AdvancedText 1.1","metadata":{"contentType":"Text","license":"U","title":"Untitled Text"},"subContentId":"fd109b34-d184-49f5-95cb-572a6a116f5d"},"useSeparator":"enabled"}]},"library":"H5P.ColumnCustom 1.0","subContentId":"50270d77-9fd8-4213-9a2d-e0e0de6e6491","metadata":{"contentType":"ColumnCustom","license":"U","title":"Final Thoughts"}},{"params":{"content":[{"content":{"params":{"text":"<h2><span><span><span>References<\/span><\/span><\/span><\/h2>\n\n<p><span><span>Barley, S. R., Meyerson, D. E., &amp; Grodal, S. (2011). E-mail as a source and sumbol of stress. Organization Science, 22(4), 887-906.<\/span><\/span><\/p>\n\n<p><span><span>Barnett, M. P. (1964). The information explosion. Nature, 203, 585. <a href=\"https:\/\/doi.org\/10.1038\/203585a0\">https:\/\/doi.org\/10.1038\/203585a0<\/a> <\/span><\/span><\/p>\n\n<p><span><span>Blair, A. M. (2010). Too much to know: Managing scholarly information before the modern age. Yale University Press.<\/span><\/span><\/p>\n\n<p><span><span>Butterfield, A., &amp; Szymanski, J. (2018). Signal-to-noise ratio. In Oxford Dictionary of Electronics and Electrical Engineering. Oxford University Press. <a href=\"https:\/\/www.oxfordreference.com\/view\/10.1093\/acref\/9780198725725.001.0001\/acref-9780198725725-e-4298\">https:\/\/www.oxfordreference.com\/view\/10.1093\/acref\/9780198725725.001.0001\/acref-9780198725725-e-4298<\/a> <\/span><\/span><\/p>\n\n<p><span><span>Chandler, D., &amp; Munday, R. (2020). Confirmation bias. In Oxford Dictionary of Media and Communication. Oxford University Press. <a href=\"https:\/\/www.oxfordreference.com\/view\/10.1093\/acref\/9780198841838.001.0001\/acref-9780198841838-e-3115\">https:\/\/www.oxfordreference.com\/view\/10.1093\/acref\/9780198841838.001.0001\/acref-9780198841838-e-3115<\/a> <\/span><\/span><\/p>\n\n<p><span><span>Fosmire, M. (2014). Engineering research. In P. Keeran &amp; M. Levine-Clark (Eds.), Research within the disciplines: Foundations for reference and library instruction (pp. 46-49). Rowman &amp; Littlefield Publishers. <\/span><\/span><\/p>\n\n<p><span><span>Gleick, J. (2011). The information: A history, a theory, a flood. Pantheon Books.<\/span><\/span><\/p>\n\n<p><span><span>Goette, L., Han, H. J., &amp; Leung, B. T. K. (2020). Information overload and confirmation bias. Cambridge Working Papers in Economics. <a href=\"https:\/\/doi.org\/10.17863\/CAM.52487\">https:\/\/doi.org\/10.17863\/CAM.52487<\/a> <\/span><\/span><\/p>\n\n<p><span><span>Hayes, L. (2018, May). The three P\u2019s: Papyrus, parchment and paper. The University of Adelaide Library: Rare Books &amp; Manuscripts. <a href=\"https:\/\/www.adelaide.edu.au\/library\/special\/exhibitions\/cover-to-cover\/papyrus\/\">https:\/\/www.adelaide.edu.au\/library\/special\/exhibitions\/cover-to-cover\/papyrus\/<\/a> <\/span><\/span><\/p>\n\n<p><span><span>Lee, A. R., Son, S.- M., &amp; Kim, K. K. (2016). Information and communication technology overload and social networking service fatigue: A stress perspective. Computers in Human Behavior, 55, 51-61. <a href=\"http:\/\/dx.doi.org\/10.1016\/j.chb.2015.08.011\">http:\/\/dx.doi.org\/10.1016\/j.chb.2015.08.011<\/a> <\/span><\/span><\/p>\n\n<p><span><span>Oxford English Dictionary. (2021). Information overload. In OED.com dictionary. Retrieved September 22, 2021, from <a href=\"https:\/\/www.oed.com\/viewdictionaryentry\/Entry\/95568#eid418140\">https:\/\/www.oed.com\/viewdictionaryentry\/Entry\/95568#eid418140<\/a> <\/span><\/span><\/p>\n\n<p><span><span>Reinsel, D., Gantz, J., &amp; Rydning, J. (2018). The digitization of the world: From edge to core [White paper]. IDC. <a href=\"https:\/\/www.seagate.com\/files\/www-content\/our-story\/trends\/files\/idc-seagate-dataage-whitepaper.pdf\">https:\/\/www.seagate.com\/files\/www-content\/our-story\/trends\/files\/idc-seagate-dataage-whitepaper.pdf<\/a> <\/span><\/span><\/p>\n\n<p><span><span>Savolainen, R. (2007). Filtering and withdrawing: Strategies for coping with information overload in everyday contexts. Journal of Information Science, 33(5), 611-621. <a href=\"https:\/\/doi.org\/10.1177%2F0165551506077418\">https:\/\/doi.org\/10.1177%2F0165551506077418<\/a> <\/span><\/span><\/p>\n\n<p><span><span>Simon, H. A. (1955). A behavioral model of rational choice. The Quarterly Journal of Economics, 69(1), 99-118. <a href=\"https:\/\/doi.org\/10.2307\/1884852\">https:\/\/doi.org\/10.2307\/1884852<\/a> <\/span><\/span><\/p>\n\n<p><span><span>Strother, J. B., Ulijn, J. M., &amp; Fazal, Z. (2012). Information overload: An international challenge for professional engineers and technical communicators. John Wiley &amp; Sons.<\/span><\/span><\/p>\n\n<p><span><span>Vandenbosch, B., &amp; Higgins, C. (1996). Information acquisition and mental models: An investigation into the relationship between behaviour and learning. Information Systems Research, 7(2), 198-214.<\/span><\/span><\/p>\n"},"library":"H5P.AdvancedText 1.1","metadata":{"contentType":"Text","license":"U","title":"Untitled Text"},"subContentId":"e6a68574-9277-4cc4-b3a5-36751a0a19c4"},"useSeparator":"disabled"},{"content":{"params":{"text":"<h2><span><span><span>Credit &amp; Licensing<\/span><\/span><\/span><\/h2>\n\n<p><span><span><span><span>Content Creators: Kate Mercer, Kari D. Weaver, Stephanie Mutch, Nasser Saleh, Michelle Spence, and Ian Robson.<\/span><\/span><\/span><\/span><\/p>\n\n<p><span><span><span><span>Instructional and Graphic Designers: Anthony Maocheia-Ricci, Stefaniada Voichita, Stephanie Mutch, Hiba Zubairi, Cathy Sebastian, and Kari D. Weaver.<\/span><\/span><\/span><\/span><\/p>\n\n<p><span><span><span><span>Additional feedback was generously contributed by many faculty, staff, and students at the University of Waterloo, Queens University, and the University of Toronto.<\/span><\/span><\/span><\/span><\/p>\n\n<p><span><span><span><span>This module was created with financial support from a 2021 <\/span><a href=\"https:\/\/www.ecampusontario.ca\/\">eCampus Ontario<\/a><span> Virtual Learning Strategy Grant and is licensed under a Creative Commons 4.0 Attribution-Non Commercial License <\/span><\/span><\/span><\/span><\/p>\n\n<p><span><span><span><span>(CC 4.0 BY-NC). <\/span><\/span><\/span><\/span><\/p>\n\n<p><span><span><span><span>Attribution may be indicated as follows:<\/span><\/span><\/span><\/span><\/p>\n\n<p><span><span><span><span>Mercer, K., Weaver, K.D., Mutch, S., Saleh, N., Spence, M., Robson, I., Maocheia-Ricci, A., Voichita, S., Zubairi, H., &amp; Sebastian, C. (2022). Information overload. eCampus Ontario. Link to repository. Used under CC 4.0 BY-NC.<\/span><\/span><\/span><\/span><\/p>\n\n<p><span><span><span><span>For more information or to request permission for a non-licensed use, please email <\/span><a href=\"mailto:libaskus@uwaterloo.ca\">libaskus@uwaterloo.ca<\/a><span><span>.<\/span><\/span><\/span><\/span><\/span><\/p>\n\n<p><span><span><span>This project was led by individuals who live and work in Waterloo, which is the traditional territory of the Neutral, Anishinaabeg and Haudenosaunee peoples. The University of Waterloo\u2019s main campus is situated on the Haldimand Tract, the land granted to the Six Nations that includes six miles on each side of the Grand River. Our active work toward reconciliation takes place across our campuses through research, learning, teaching, and community building, and is centralized within our <\/span><\/span><\/span><span><span><a href=\"https:\/\/uwaterloo.ca\/human-rights-equity-inclusion\/indigenousinitiatives\">Indigenous Initiatives Office<\/a><span>.<\/span><\/span><\/span><\/p>\n"},"library":"H5P.AdvancedText 1.1","metadata":{"contentType":"Text","license":"U","title":"Untitled Text"},"subContentId":"1a330409-1a42-46e8-bfcc-9c46588f11d5"},"useSeparator":"enabled"}]},"library":"H5P.ColumnCustom 1.0","subContentId":"b38b25a3-a8f7-40a1-994d-b5a2a3fd93e3","metadata":{"contentType":"ColumnCustom","license":"U","title":"References"}}],"behaviour":{"defaultTableOfContents":true,"progressIndicators":false,"progressAuto":false,"displaySummary":false},"read":"Read","displayTOC":"Display &#039;Table of contents&#039;","hideTOC":"Hide &#039;Table of contents&#039;","nextPage":"Next page","previousPage":"Previous page","chapterCompleted":"Page completed!","partCompleted":"@pages of @total completed","incompleteChapter":"Incomplete page","navigateToTop":"Navigate to the top","markAsFinished":"I have finished this page","fullscreen":"Fullscreen","exitFullscreen":"Exit fullscreen","bookProgressSubtext":"@count of @total pages","interactionsProgressSubtext":"@count of @total interactions","submitReport":"Submit Report","restartLabel":"Restart","summaryHeader":"Summary","allInteractions":"All interactions","unansweredInteractions":"Unanswered interactions","scoreText":"@score \/ @maxscore","leftOutOfTotalCompleted":"@left of @max interactions completed","noInteractions":"No interactions","score":"Score","summaryAndSubmit":"Summary &amp; submit","noChapterInteractionBoldText":"You have not interacted with any pages.","noChapterInteractionText":"You have to interact with at least one page before you can see the summary.","yourAnswersAreSubmittedForReview":"Your answers are submitted for review!","bookProgress":"Book progress","interactionsProgress":"Interactions progress","totalScoreLabel":"Total score","a11y":{"progress":"Page @page of @total.","menu":"Toggle navigation menu"}}