{"showCoverPage":true,"bookCover":{"coverDescription":"","coverImage":{"path":"images\/coverImage-61b7b12d3df9f.png","mime":"image\/png","copyright":{"license":"U"},"width":3274,"height":4221}},"chapters":[{"params":{"content":[{"content":{"params":{"sideToggle":true,"expandToggle":false,"iconToggle":true,"content":{"params":{"text":"<h2>Introduction<\/h2>\n\n<p>As future engineers, you will interact with information every day, but your information needs and access will vary over time and across different projects as will the types of information that you use. While in school, you\u2019ll need to start building your information skillset so that you\u2019re ready to research and evaluate information effectively and ethically as a professional and be able to be critical of a wide variety of information sources that are diverse and inclusive.<\/p>\n\n<p>In this lesson, you will:<\/p>\n\n<ul>\n\t<li>Learn about professional engineering and information seeking<\/li>\n\t<li>Learn how proper information seeking and evaluation meets your obligations to uphold the safety, health, and welfare of the public.<\/li>\n\t<li>Learn the connection between information and professional practice &amp; responsibilities.<\/li>\n\t<li>Learn how information evaluation aids in ethical decision making<\/li>\n<\/ul>\n"},"library":"H5P.AdvancedText 1.1","subContentId":"e15034f2-eb07-48f7-a465-79c6bd2bf601","metadata":{"contentType":"Text","license":"U","title":"Untitled Text"}},"sideImage":{"path":"images\/sideImage-61b7b1348dc74.png","mime":"image\/png","copyright":{"license":"U"},"width":3274,"height":4221}},"library":"H5P.TextNImage 1.0","metadata":{"contentType":"Text and Image","license":"U","title":"Untitled Text and Image"},"subContentId":"fc9d546a-cae1-4fcf-ac79-16cfe7270bdd"},"useSeparator":"auto"},{"content":{"params":{"text":"<h3>Land Acknowledgement<\/h3>\n\n<p>The <a href=\"http:\/\/nctr.ca\/assets\/reports\/Final%20Reports\/Executive_Summary_English_Web.pdf\">Truth and Reconciliation Commission of Canada<\/a>\u2019s final report calls for 94 actions toward restoring a balanced relationship between Indigenous peoples and settler communities in this country.&nbsp;<\/p>\n\n<p><strong>We encourage you to not only acknowledge the traditional territory on which your institution resides, but to also ground this acknowledgement with action.&nbsp;<\/strong><\/p>\n\n<p>A great resource for this is <strong><a href=\"https:\/\/native-land.ca\/\">Native Land<\/a><\/strong>. We also suggest looking at the resources provided by the <strong>The <a href=\"https:\/\/xwi7xwa.library.ubc.ca\/\">Xwi7xwa Library<\/a><\/strong>, which is a centre for academic and community Indigenous scholarship. Its collections and services reflect Aboriginal approaches to teaching, learning, and research, and it is the only branch of an academic library in Canada that is entirely dedicated to Indigenous materials.<\/p>\n"},"library":"H5P.AdvancedText 1.1","metadata":{"contentType":"Text","license":"U","title":"Untitled Text"},"subContentId":"71ef5d53-448c-4f9b-9bf7-15e19f58c58e"},"useSeparator":"enabled"}]},"library":"H5P.ColumnCustom 1.0","subContentId":"0db65e7a-7904-42a5-bf2e-edfd1e5e75de","metadata":{"contentType":"ColumnCustom","license":"U","title":"Introduction"}},{"params":{"content":[{"content":{"params":{"sideToggle":true,"expandToggle":false,"iconToggle":true,"content":{"params":{"text":"<h2>What is information?<\/h2>\n\n<p>Information is defined as \u201cknowledge obtained from investigation, study, or instruction\u201d and may include intelligence, news, facts, or data (<a href=\"https:\/\/www.merriam-webster.com\/dictionary\/information\">Merriam-Webster<\/a>, n.d.).<\/p>\n\n<p>Within the academy and as practicing engineers, we use information as evidence to back up our claims and make good decisions. Engineers spend large quantities of time finding, evaluating, and using information. Fosmire (2014) found as much as a third of the working hours of engineers were spent on these information tasks.<\/p>\n\n<p>Furthermore, Phillips et al. (2018) identified finding, evaluating and using information as continuing challenges for engineers at all levels of experience.<\/p>\n"},"library":"H5P.AdvancedText 1.1","subContentId":"6ded941c-07b5-4f5a-8363-7db07bb486d8","metadata":{"contentType":"Text","license":"U","title":"Untitled Text"}},"sideImage":{"path":"images\/sideImage-61b7a26f58a91.png","mime":"image\/png","copyright":{"license":"U"},"width":308,"height":308}},"library":"H5P.TextNImage 1.0","metadata":{"contentType":"Text and Image","license":"U","title":"Untitled Text and Image"},"subContentId":"157d8290-1033-4494-8867-ad534a735091"},"useSeparator":"auto"},{"content":{"params":{"sideToggle":false,"expandToggle":false,"iconToggle":true,"content":{"params":{"text":"<h3>Reminder: Professional Engineering<\/h3>\n\n<p>The practice of professional engineering is Defined in Section 1 of the Professional Engineers Act Ontario, and comprises three tests.<\/p>\n\n<p>Professional engineering is:<\/p>\n\n<ol>\n\t<li>\u201cAny act of planning, designing, composing, evaluating, advising, reporting, directing or supervising (or the managing of any such act);<\/li>\n\t<li>That requires the application of engineering principles; and<\/li>\n\t<li>Concerns the safeguarding of life, health, property, economic interests, public welfare or the environment\u201d<\/li>\n<\/ol>\n\n<p>If your work meets all three tests, you are practicing professional engineering and must be licensed by the Association.<\/p>\n\n<p>Through the Professional Engineers Act, Professional Engineers Ontario (PEO):<\/p>\n\n<ul>\n\t<li>Governs license and certificate holders.<\/li>\n\t<li>Regulates professional engineering in Ontario.<\/li>\n\t<li>Is self-regulated and governed by elected members of the profession and government appointee<\/li>\n\t<li>Has a mandate to ensure that the public interests are protected, and that individuals and companies that provide engineering services comply with a strict code of professional conduct and ethics<\/li>\n<\/ul>\n"},"library":"H5P.AdvancedText 1.1","subContentId":"7e135429-1638-4440-b49d-cadecfbddfae","metadata":{"contentType":"Text","license":"U","title":"Untitled Text"}},"sideImage":{"path":"images\/sideImage-61b7a29ba0ffc.png","mime":"image\/png","copyright":{"license":"U"},"width":613,"height":1637}},"library":"H5P.TextNImage 1.0","metadata":{"contentType":"Text and Image","license":"U","title":"Untitled Text and Image"},"subContentId":"5274be24-a9ab-417b-9c9f-f1e071fe499f"},"useSeparator":"enabled"},{"content":{"params":{"text":"<h3>Case Study:&nbsp; New Orleans Levee Failures<\/h3>\n\n<p>Please go read this article here: <a href=\"https:\/\/www.tulane.edu\/~sanelson\/New_Orleans_and_Hurricanes\/overviewofleveefailures.pdf\">https:\/\/www.tulane.edu\/~sanelson\/New_Orleans_and_Hurricanes\/overviewofleveefailures.pdf<\/a><\/p>\n\n<p><strong>While you read the case study, before you read the below summary, take notes on the issues with information use in this case study<\/strong><\/p>\n"},"library":"H5P.AdvancedText 1.1","metadata":{"contentType":"Text","license":"U","title":"Untitled Text"},"subContentId":"67fd2250-4de6-48be-9c4e-7ba7dd77bae0"},"useSeparator":"enabled"},{"content":{"params":{"panels":[{"content":{"params":{"text":"<p>Hurricane Kartina made landfall in August 2005, just east of New Orleans Louisiana. Inflicting widespread damage on the Hurricane Protection System (HPS) for southeast Louisiana, which at times overwhelmed the HPS beyond its design, but arguably most impactfully levee failures also occurred at water levels significantly below their design. This happened due to a combination of factors including misinterpreting geologic conditions and unforeseen mechanism failures.<\/p>\n\n<p>The New Orleans HPS was designed with a traditional approach that is component-performance based. Standards were used to define performance and any uncertainties were accounted for through safety factors. A better measure of component performance would be related to how the system performed combined with the consequences of that system.<\/p>\n\n<p>Katrina brought attention to a distinct lack of knowledge and evidence that existed on the behaviour of I-type floodwalls. Some of the mechanisms that failed were not anticipated and were unknown to the designers \u2013 specifically while some information on the performance of I-walls did exist, this information was ultimately not used to detect a failure mode.<\/p>\n\n<p>Further, the risk was seen to be low and the available geotechnical information was limited, which means the required level of safety was lower than that where more geotechnical information was readily available.<\/p>\n"},"library":"H5P.AdvancedText 1.1","subContentId":"44dc19bb-7521-4aea-a7b2-395fcb76b199","metadata":{"contentType":"Text","license":"U","title":"Untitled Text"}},"title":"In short:"}],"hTag":"h4"},"library":"H5P.Accordion 1.0","metadata":{"contentType":"Accordion","license":"U","title":"Untitled Accordion"},"subContentId":"da8e84ad-466f-415c-8d86-6e2aea656cca"},"useSeparator":"disabled"},{"content":{"params":{"media":{"disableImageZooming":false},"solution":{"introduction":"","sample":""},"keywords":[{"options":{"points":1,"occurrences":1,"caseSensitive":true,"forgiveMistakes":false,"feedbackIncludedWord":"keyword","feedbackMissedWord":"none"}}],"overallFeedback":[{"from":0,"to":100}],"behaviour":{"inputFieldSize":"10","enableRetry":true,"ignoreScoring":true,"pointsHost":1},"checkAnswer":"Check","tryAgain":"Retry","showSolution":"Show solution","feedbackHeader":"Feedback","solutionTitle":"Sample solution","remainingChars":"Remaining characters: @chars","notEnoughChars":"You must enter at least @chars characters!","messageSave":"saved","ariaYourResult":"You got @score out of @total points","ariaNavigatedToSolution":"Navigated to newly included sample solution after textarea.","taskDescription":"<p>Take a moment to reflect on what you would do as a professional engineer if you were missing information. Think about the pressures to progress the project, to meet budget and deadlines that may be in conflict with potential ethical ramifications.<\/p>\n"},"library":"H5P.Essay 1.2","metadata":{"contentType":"Essay","license":"U","title":"Check your knowledge:"},"subContentId":"3c86ffb6-b16a-4530-98a2-6f0930b952dc"},"useSeparator":"enabled"},{"content":{"params":{"sideToggle":true,"expandToggle":false,"iconToggle":true,"content":{"params":{"text":"<h3>Why evaluate information?<\/h3>\n\n<p>The above is an example about the power an engineer can have in a project that was missing important information. This tragic situation ultimately led to a change in recommendations and design. The new recommendation on moving forward on projects like this is to now wait to build until adequate information is obtained.<\/p>\n\n<p>Evaluating information is a fundamental aspect of ensuring that your design decisions have been made with evidence and the best information available. Engineers must build habits of evaluating the information they come across, both professionally and in daily life. Engineering is a profession where society places significant trust and acknowledges authority. This trust necessitates a responsibility of engineers to be critical and reflective of all information.<\/p>\n"},"library":"H5P.AdvancedText 1.1","subContentId":"564cf46e-facf-4799-8ada-8c9485e32945","metadata":{"contentType":"Text","license":"U","title":"Untitled Text"}},"sideImage":{"path":"images\/sideImage-61b7a3d2eb0b9.png","mime":"image\/png","copyright":{"license":"U"},"width":409,"height":407}},"library":"H5P.TextNImage 1.0","metadata":{"contentType":"Text and Image","license":"U","title":"Untitled Text and Image"},"subContentId":"23493a41-bcf7-4c61-93bf-92d59aff0643"},"useSeparator":"enabled"}]},"library":"H5P.ColumnCustom 1.0","subContentId":"2d04c255-de86-4270-a399-dc44e0f1aa58","metadata":{"contentType":"ColumnCustom","license":"U","title":"What is information?"}},{"params":{"content":[{"content":{"params":{"sideToggle":true,"expandToggle":false,"iconToggle":true,"content":{"params":{"text":"<h2>Finding and Evaluating Information as an Ethical Responsibility<\/h2>\n\n<p>While in school you need to find, use, and understand information to make engineering decisions, and this expectation will continue into your working career. This is a skill that you should develop and internalize as a habit as a student.<\/p>\n\n<p>It is your responsibility when you become an engineer to be able to communicate why you made the decisions you did, communicate this information to a broader team, and stand by your decisions as being ethical, safe, and protecting the public interest.<\/p>\n\n<p>In this way, finding, using, and rigorously evaluating <strong>ALL<\/strong> information is critical to your ethical responsibilities, and your personal and professional reputations.<\/p>\n"},"library":"H5P.AdvancedText 1.1","subContentId":"f5e6021a-50da-43e4-a5f3-031211e56c44","metadata":{"contentType":"Text","license":"U","title":"Untitled Text"}},"sideImage":{"path":"images\/sideImage-61b7a407b1eee.png","mime":"image\/png","copyright":{"license":"U"},"width":462,"height":412}},"library":"H5P.TextNImage 1.0","metadata":{"contentType":"Text and Image","license":"U","title":"Untitled Text and Image"},"subContentId":"b97432de-51ff-45b4-b814-c684e1e92363"},"useSeparator":"auto"},{"content":{"params":{"text":"<h3>Check your knowledge:<\/h3>\n\n<p>As an engineer you are responsible for understanding all of the information you use as part of a project \u2013 up to and including the software you use to aid in the engineering process.<\/p>\n"},"library":"H5P.AdvancedText 1.1","metadata":{"contentType":"Text","license":"U","title":"Untitled Text"},"subContentId":"f33b4b99-0cc9-4f71-8d67-4a0ce28b02bf"},"useSeparator":"enabled"},{"content":{"params":{"media":{"disableImageZooming":false},"solution":{"introduction":"","sample":""},"keywords":[{"options":{"points":1,"occurrences":1,"caseSensitive":true,"forgiveMistakes":false,"feedbackIncludedWord":"keyword","feedbackMissedWord":"none"}}],"overallFeedback":[{"from":0,"to":100}],"behaviour":{"inputFieldSize":"10","enableRetry":true,"ignoreScoring":true,"pointsHost":1},"checkAnswer":"Check","tryAgain":"Retry","showSolution":"Show solution","feedbackHeader":"Feedback","solutionTitle":"Sample solution","remainingChars":"Remaining characters: @chars","notEnoughChars":"You must enter at least @chars characters!","messageSave":"saved","ariaYourResult":"You got @score out of @total points","ariaNavigatedToSolution":"Navigated to newly included sample solution after textarea.","taskDescription":"<p>What are your responsibilities around software and other tools you use?<\/p>\n\n<ul>\n\t<li>Do they make sense? (i.e., gut check)<\/li>\n\t<li>Do they make your own calculations?<\/li>\n\t<li>Do they align with prototype testing?<\/li>\n\t<li>Can you test the software with problems with known solutions?<\/li>\n<\/ul>\n"},"library":"H5P.Essay 1.2","metadata":{"contentType":"Essay","license":"U","title":"Reflect on:"},"subContentId":"316cccfd-d710-4f0c-aea7-afd3f5c7e3ba"},"useSeparator":"disabled"},{"content":{"params":{"text":"<p>You are responsible because using the software is your choice \u2013 every decision you make as an Engineer can impact the broader project.<\/p>\n"},"library":"H5P.AdvancedText 1.1","metadata":{"contentType":"Text","license":"U","title":"Untitled Text"},"subContentId":"69161495-c4ce-4edd-83d5-dfbf85629143"},"useSeparator":"disabled"},{"content":{"params":{"sideToggle":false,"expandToggle":false,"iconToggle":true,"content":{"params":{"text":"<h3>Professional Misconduct<\/h3>\n\n<p>The following are examples of professional misconduct that can be heavily influenced by the information you rely upon for decision making.<\/p>\n\n<p>Using the PEO definition of \u201cnegligence\u201d meaning:<\/p>\n\n<ul>\n\t<li>\u201cAn act or an omission in the carrying out of the work of a practitioner that constitutes a failure to maintain the standards that a reasonable and prudent practitioner would maintain in the circumstances.\u201d<\/li>\n<\/ul>\n\n<p>Other areas of professional misconduct can include:<\/p>\n"},"library":"H5P.AdvancedText 1.1","subContentId":"ec48e45e-b7ed-436a-9214-05222a645444","metadata":{"contentType":"Text","license":"U","title":"Untitled Text"}},"sideImage":{"path":"images\/sideImage-61b7b17289c41.png","mime":"image\/png","copyright":{"license":"U"},"width":3385,"height":4071}},"library":"H5P.TextNImage 1.0","metadata":{"contentType":"Text and Image","license":"U","title":"Untitled Text and Image"},"subContentId":"70fea016-4a65-41b1-b649-34e19cdfd7c3"},"useSeparator":"enabled"},{"content":{"params":{"panels":[{"content":{"params":{"text":"<p>Failure to make reasonable provision for the safeguarding of life, health or property of a person who may be affected by the work for which the practitioner is responsible<\/p>\n"},"library":"H5P.AdvancedText 1.1","subContentId":"6f6eb97b-6343-430b-95ac-11ba022943bd","metadata":{"contentType":"Text","license":"U","title":"Untitled Text"}},"title":"Area 1"},{"content":{"params":{"text":"<p>Failure to act to correct or report a situation that the practitioner believes may endanger the safety or the welfare of the public<\/p>\n"},"library":"H5P.AdvancedText 1.1","subContentId":"158a3e13-dab5-463f-9b26-20f1780fd03f","metadata":{"contentType":"Text","license":"U","title":"Untitled Text"}},"title":"Area 2"},{"content":{"params":{"text":"<p>Failure to make responsible provision for complying with applicable statutes, regulations, standards, codes, by-laws and rules in connection with work being undertaken by or under the responsibility of the practitioner<\/p>\n"},"library":"H5P.AdvancedText 1.1","subContentId":"56c60740-be30-4734-b1cf-ac94a35830d3","metadata":{"contentType":"Text","license":"U","title":"Untitled Text"}},"title":"Area 3"},{"content":{"params":{"text":"<p>Signing or sealing a final drawing, specification, plan, report or other document not actually prepared or checked by the practitioner<\/p>\n"},"library":"H5P.AdvancedText 1.1","subContentId":"7f95d48f-9e09-4a20-a2ca-a4df78262a68","metadata":{"contentType":"Text","license":"U","title":"Untitled Text"}},"title":"Area 4"},{"content":{"params":{"text":"<p>Failure of a practitioner to present clearly to the practitioner's employer the consequences to be expected from a deviation proposed in work, if the professional engineering judgment of the practitioner is overruled by non-technical authority in cases where the practitioner is responsible for the technical adequacy of professional engineering work<\/p>\n"},"library":"H5P.AdvancedText 1.1","subContentId":"957ccc68-2660-44ff-9607-ec91cad14666","metadata":{"contentType":"Text","license":"U","title":"Untitled Text"}},"title":"Area 5"},{"content":{"params":{"text":"<p>Failure to supply documents or information requested by an investigator acting under section 33 of the Act<\/p>\n"},"library":"H5P.AdvancedText 1.1","subContentId":"dc42f519-1a6d-46ad-8cd3-cf3e2ab6d2de","metadata":{"contentType":"Text","license":"U","title":"Untitled Text"}},"title":"Area 6"}],"hTag":"h4"},"library":"H5P.Accordion 1.0","metadata":{"contentType":"Accordion","license":"U","title":"Untitled Accordion"},"subContentId":"ad2167dd-5901-4a91-942d-90ea4271de52"},"useSeparator":"disabled"},{"content":{"params":{"text":"<p>The information that you use can impact each of these things. By failing to understand, document, and discuss the information you use to make engineering decisions, you risk being unable to defend decisions to the level to which you may need to do so.<\/p>\n"},"library":"H5P.AdvancedText 1.1","metadata":{"contentType":"Text","license":"U","title":"Untitled Text"},"subContentId":"5aa4e6f2-f219-4620-9227-d7358044469d"},"useSeparator":"enabled"},{"content":{"params":{"media":{"disableImageZooming":false},"solution":{"introduction":"","sample":""},"keywords":[{"options":{"points":1,"occurrences":1,"caseSensitive":true,"forgiveMistakes":false,"feedbackIncludedWord":"keyword","feedbackMissedWord":"none"}}],"overallFeedback":[{"from":0,"to":100}],"behaviour":{"inputFieldSize":"10","enableRetry":true,"ignoreScoring":true,"pointsHost":1},"checkAnswer":"Check","tryAgain":"Retry","showSolution":"Show solution","feedbackHeader":"Feedback","solutionTitle":"Sample solution","remainingChars":"Remaining characters: @chars","notEnoughChars":"You must enter at least @chars characters!","messageSave":"saved","ariaYourResult":"You got @score out of @total points","ariaNavigatedToSolution":"Navigated to newly included sample solution after textarea.","taskDescription":"<p>Do you think the Levee example above falls under any of these areas of professional misconduct?<\/p>\n"},"library":"H5P.Essay 1.2","metadata":{"contentType":"Essay","license":"U","title":"Check your knowledge:"},"subContentId":"add8ca20-a826-47fb-a0e4-d5310debe6d9"},"useSeparator":"enabled"},{"content":{"params":{"text":"<h3>Reasonable Prudent Standards<\/h3>\n\n<p>As engineers you will use a variety of information sources to guide your decision making. It is your responsibility to choose the best type of information, based on what you need to make a design decision. Key information sources for this decision making will include codes, standards, regulations, and guidance documents.<\/p>\n"},"library":"H5P.AdvancedText 1.1","metadata":{"contentType":"Text","license":"U","title":"Untitled Text"},"subContentId":"115b0d5b-7dde-4987-ad12-d3d7644a802d"},"useSeparator":"enabled"},{"content":{"params":{"sideToggle":false,"expandToggle":false,"iconToggle":true,"content":{"params":{"text":"<p><strong>Codes:<\/strong><\/p>\n\n<ul>\n\t<li>Set of rules and specifications or systematic procedures for design, fabrication, installation and inspection methods.<\/li>\n\t<li>Protect the public by setting up the minimum acceptable level of safety for buildings, products and processes.<\/li>\n<\/ul>\n"},"library":"H5P.AdvancedText 1.1","subContentId":"d8595cf1-df1a-4e86-a5e3-24cf491663cf","metadata":{"contentType":"Text","license":"U","title":"Untitled Text"}},"sideImage":{"path":"images\/sideImage-61b7a684151ba.png","mime":"image\/png","copyright":{"license":"U"},"width":382,"height":443}},"library":"H5P.TextNImage 1.0","metadata":{"contentType":"Text and Image","license":"U","title":"Untitled Text and Image"},"subContentId":"d808786b-6b3c-4481-9b74-62ddec214917"},"useSeparator":"disabled"},{"content":{"params":{"sideToggle":false,"expandToggle":false,"iconToggle":true,"content":{"params":{"text":"<p><strong>Standards:<\/strong><\/p>\n\n<ul>\n\t<li>\u201cSet of specifications for parts, materials, or processes intended to achieve uniformity, efficiency, and a specified quality.\u201d (R.G. Budynas and J.K. Nisbett. Shigley\u2019s Mechanical Engineering Design. 11th Edition.)<\/li>\n\t<li>Define quality and establish safety criteria.<\/li>\n<\/ul>\n"},"library":"H5P.AdvancedText 1.1","subContentId":"ba482f89-0221-425d-8d01-59820a7ee6bd","metadata":{"contentType":"Text","license":"U","title":"Untitled Text"}},"sideImage":{"path":"images\/sideImage-61b7a6a457d36.png","mime":"image\/png","copyright":{"license":"U"},"width":361,"height":463}},"library":"H5P.TextNImage 1.0","metadata":{"contentType":"Text and Image","license":"U","title":"Untitled Text and Image"},"subContentId":"9309c41a-b5de-44c4-b20e-9bd0cedb4dfe"},"useSeparator":"disabled"},{"content":{"params":{"sideToggle":false,"expandToggle":false,"iconToggle":true,"content":{"params":{"text":"<p><strong>Regulations:<\/strong><\/p>\n\n<ul>\n\t<li>Rules issued by government in order to control quality, safety, or other characteristics of devices.<\/li>\n<\/ul>\n"},"library":"H5P.AdvancedText 1.1","subContentId":"3bfbeafa-0f90-4a96-b60c-ef0e49b130cd","metadata":{"contentType":"Text","license":"U","title":"Untitled Text"}},"sideImage":{"path":"images\/sideImage-61b7b186696ee.png","mime":"image\/png","copyright":{"license":"U"},"width":3222,"height":3549}},"library":"H5P.TextNImage 1.0","metadata":{"contentType":"Text and Image","license":"U","title":"Untitled Text and Image"},"subContentId":"8c0881d4-8ff5-4085-8927-3d59c13da4f0"},"useSeparator":"disabled"},{"content":{"params":{"sideToggle":false,"expandToggle":false,"iconToggle":true,"content":{"params":{"text":"<p><strong>Guidance Documents:<\/strong><\/p>\n\n<ul>\n\t<li>Provide assistance to industry and professionals on how to comply with governing statues and regulations.<\/li>\n<\/ul>\n\n<p>These can include everything from technical documentation, to journal articles, to white papers.<\/p>\n"},"library":"H5P.AdvancedText 1.1","subContentId":"31e01764-2655-4fae-b6cb-d9947df02f8f","metadata":{"contentType":"Text","license":"U","title":"Untitled Text"}},"sideImage":{"path":"images\/sideImage-61b7b19233ed5.png","mime":"image\/png","copyright":{"license":"U"},"width":3087,"height":3368}},"library":"H5P.TextNImage 1.0","metadata":{"contentType":"Text and Image","license":"U","title":"Untitled Text and Image"},"subContentId":"8b8beccf-97b8-4273-a7a0-f9c27710910d"},"useSeparator":"disabled"},{"content":{"params":{"media":{"disableImageZooming":false},"answers":[{"correct":true,"tipsAndFeedback":{"tip":"","chosenFeedback":"","notChosenFeedback":""},"text":"<div>A set of rules and specifications for design, fabrication, installation, and inspection<\/div>\n"},{"correct":false,"tipsAndFeedback":{"tip":"","chosenFeedback":"","notChosenFeedback":""},"text":"<div>A set of specifications for parts, materials, or processes<\/div>\n"},{"correct":false,"tipsAndFeedback":{"tip":"","chosenFeedback":"","notChosenFeedback":""},"text":"<div>A set of rules designed by the government to control quality and\/or safety<\/div>\n"}],"overallFeedback":[{"from":0,"to":100}],"behaviour":{"enableRetry":false,"enableSolutionsButton":true,"enableCheckButton":true,"type":"single","singlePoint":true,"randomAnswers":false,"showSolutionsRequiresInput":true,"confirmCheckDialog":false,"confirmRetryDialog":false,"autoCheck":false,"passPercentage":100,"showScorePoints":true},"UI":{"checkAnswerButton":"Check","showSolutionButton":"Show solution","tryAgainButton":"Retry","tipsLabel":"Show tip","scoreBarLabel":"You got :num out of :total points","tipAvailable":"Tip available","feedbackAvailable":"Feedback available","readFeedback":"Read feedback","wrongAnswer":"Wrong answer","correctAnswer":"Correct answer","shouldCheck":"Should have been checked","shouldNotCheck":"Should not have been checked","noInput":"Please answer before viewing the solution","a11yCheck":"Check the answers. The responses will be marked as correct, incorrect, or unanswered.","a11yShowSolution":"Show the solution. The task will be marked with its correct solution.","a11yRetry":"Retry the task. Reset all responses and start the task over again."},"confirmCheck":{"header":"Finish ?","body":"Are you sure you wish to finish ?","cancelLabel":"Cancel","confirmLabel":"Finish"},"confirmRetry":{"header":"Retry ?","body":"Are you sure you wish to retry ?","cancelLabel":"Cancel","confirmLabel":"Confirm"},"question":"<p><strong>Check your knowledge:<\/strong><\/p>\n\n<p>Codes are:<\/p>\n"},"library":"H5P.MultiChoice 1.14","metadata":{"contentType":"Multiple Choice","license":"U","title":"Check your knowledge:"},"subContentId":"06e8fe22-bb60-4012-99b2-cabcb03b60b2"},"useSeparator":"enabled"},{"content":{"params":{"sideToggle":true,"expandToggle":false,"iconToggle":true,"content":{"params":{"text":"<h3>Ethical Obligations &amp; Duties<\/h3>\n\n<p>Engineers have specific ethical obligations and duties as per their profession.&nbsp; \u201cA practitioner shall regard the practitioner's duty to public welfare as Paramount\"<\/p>\n\n<p>Hierarchy of duties:<\/p>\n\n<ol>\n\t<li>Public\/Society.<\/li>\n\t<li>Employers.<\/li>\n\t<li>Clients.<\/li>\n\t<li>Colleagues, Employees, Subordinates.<\/li>\n\t<li>Profession.<\/li>\n\t<li>Oneself.<\/li>\n<\/ol>\n"},"library":"H5P.AdvancedText 1.1","subContentId":"59ec9905-620d-4451-8596-6624d305a4bd","metadata":{"contentType":"Text","license":"U","title":"Untitled Text"}},"sideImage":{"path":"images\/sideImage-61b7a78bde9b6.png","mime":"image\/png","copyright":{"license":"U"},"width":551,"height":1740}},"library":"H5P.TextNImage 1.0","metadata":{"contentType":"Text and Image","license":"U","title":"Untitled Text and Image"},"subContentId":"d28530d8-b226-43e6-8e61-a38261d6547a"},"useSeparator":"enabled"},{"content":{"params":{"sideToggle":false,"expandToggle":false,"iconToggle":true,"content":{"params":{"text":"<p>The code states that \"it is the duty of a practitioner to the public, to the practitioner's employer, to the practitioner's clients, to other licensed engineers of the practitioner's profession, and to the practitioner to always act with,<\/p>\n\n<ul>\n\t<li>fairness and loyalty to the practitioner's associates, employers, clients, subordinates and employees;<\/li>\n\t<li>fidelity to public needs<\/li>\n\t<li>devotion to high ideals of personal honour and professional integrity<\/li>\n\t<li>knowledge of developments in the area of professional engineering relevant to any services that are undertaken; and<\/li>\n\t<li>competence in the performance of any professional engineering services that are undertaken.\"<\/li>\n<\/ul>\n\n<p>The complete Code of Ethics is included in section 77 of the Professional Engineers Act, R.S.O. 1990, c. P.28.<\/p>\n"},"library":"H5P.AdvancedText 1.1","subContentId":"58d302ad-b063-4b26-b866-0ea561bfbb87","metadata":{"contentType":"Text","license":"U","title":"Untitled Text"}},"sideImage":{"path":"images\/sideImage-61b7a7adbc47b.png","mime":"image\/png","copyright":{"license":"U"},"width":581,"height":1772}},"library":"H5P.TextNImage 1.0","metadata":{"contentType":"Text and Image","license":"U","title":"Untitled Text and Image"},"subContentId":"5e4eaed0-e123-4953-bb93-7729fb7bb973"},"useSeparator":"enabled"},{"content":{"params":{"media":{"disableImageZooming":false},"answers":[{"correct":true,"tipsAndFeedback":{"tip":"","chosenFeedback":"","notChosenFeedback":""},"text":"<div>Public\/Society<\/div>\n"},{"correct":false,"tipsAndFeedback":{"tip":"","chosenFeedback":"","notChosenFeedback":""},"text":"<div>Employers<\/div>\n"},{"correct":false,"tipsAndFeedback":{"tip":"","chosenFeedback":"","notChosenFeedback":""},"text":"<div>Profession<\/div>\n"},{"correct":false,"tipsAndFeedback":{"tip":"","chosenFeedback":"","notChosenFeedback":""},"text":"<div>Self<\/div>\n"}],"overallFeedback":[{"from":0,"to":100}],"behaviour":{"enableRetry":false,"enableSolutionsButton":true,"enableCheckButton":true,"type":"auto","singlePoint":true,"randomAnswers":false,"showSolutionsRequiresInput":true,"confirmCheckDialog":false,"confirmRetryDialog":false,"autoCheck":false,"passPercentage":100,"showScorePoints":true},"UI":{"checkAnswerButton":"Check","showSolutionButton":"Show solution","tryAgainButton":"Retry","tipsLabel":"Show tip","scoreBarLabel":"You got :num out of :total points","tipAvailable":"Tip available","feedbackAvailable":"Feedback available","readFeedback":"Read feedback","wrongAnswer":"Wrong answer","correctAnswer":"Correct answer","shouldCheck":"Should have been checked","shouldNotCheck":"Should not have been checked","noInput":"Please answer before viewing the solution","a11yCheck":"Check the answers. The responses will be marked as correct, incorrect, or unanswered.","a11yShowSolution":"Show the solution. The task will be marked with its correct solution.","a11yRetry":"Retry the task. Reset all responses and start the task over again."},"confirmCheck":{"header":"Finish ?","body":"Are you sure you wish to finish ?","cancelLabel":"Cancel","confirmLabel":"Finish"},"confirmRetry":{"header":"Retry ?","body":"Are you sure you wish to retry ?","cancelLabel":"Cancel","confirmLabel":"Confirm"},"question":"<p><strong>Check your knowledge:<\/strong><\/p>\n\n<p>Who is the first group that an engineer has a duty to?<\/p>\n"},"library":"H5P.MultiChoice 1.14","metadata":{"contentType":"Multiple Choice","license":"U","title":"Check your knowledge:"},"subContentId":"022cacde-c6a4-4b2d-b3a9-d90f62bf2926"},"useSeparator":"enabled"}]},"library":"H5P.ColumnCustom 1.0","subContentId":"6901d23f-6d55-42a2-83e6-96edcd48c9d0","metadata":{"contentType":"ColumnCustom","license":"U","title":"Finding and Evaluating Information as an Ethical Responsibility"}},{"params":{"content":[{"content":{"params":{"sideToggle":true,"expandToggle":false,"iconToggle":true,"content":{"params":{"text":"<h2>Final Thoughts<\/h2>\n\n<p>If ethical use of information is so important, how can you integrate this into your learning and engineering practice?<\/p>\n\n<ul>\n\t<li>Develop your ability to effectively evaluate information<\/li>\n\t<li>Document your information seeking and decision making<\/li>\n\t<li>Internalize the ethical obligations of the engineering profession<\/li>\n\t<li>Ensure the sources you are using are accurate, clear, and rigorous<\/li>\n\t<li>Use the best information you can to answer your questions, which is not always the quickest information to find.<\/li>\n<\/ul>\n\n<p>Dilemmas regarding information are steadily increasing in a society that is defined as \"the information society\". The explosion of technology and ease of access around finding information has brought information ethics to a forefront in ethical considerations, and is especially important in careers where there are ethical considerations, such as engineering. Building a deep understanding of how the information you use to make decisions is an essential consideration when you are working to build a practice of engineering that is fair, equitable, responsible, and safe.<\/p>\n"},"library":"H5P.AdvancedText 1.1","subContentId":"5d88edf1-841f-4a8c-b399-0eba8b1e90fc","metadata":{"contentType":"Text","license":"U","title":"Untitled Text"}},"sideImage":{"path":"images\/sideImage-61b7b1a4362c5.png","mime":"image\/png","copyright":{"license":"U"},"width":3274,"height":4221}},"library":"H5P.TextNImage 1.0","metadata":{"contentType":"Text and Image","license":"U","title":"Untitled Text and Image"},"subContentId":"364c1be6-4e45-420c-926e-f8915c3c055a"},"useSeparator":"auto"},{"content":{"params":{"sideToggle":false,"expandToggle":false,"iconToggle":true,"content":{"params":{"text":"<h3>Further Reading<\/h3>\n\n<p>For more examples and case studies, begin by looking at the following:<\/p>\n\n<ul>\n\t<li>City of Kamloops loading platform design. <a href=\"https:\/\/www.mondaq.com\/canada\/real-estate-and-construction\/102502\/engineer-and-owner-both-liable-for-negligent-design-that-failed-to-protect-public-safety\">https:\/\/www.mondaq.com\/canada\/real-estate-and-construction\/102502\/engineer-and-owner-both-liable-for-negligent-design-that-failed-to-protect-public-safety<\/a><\/li>\n\t<li>Case Study 2 (Hartford Civic Centre), &amp; Case Study 4 (Kansas City Hyatt): <a href=\"https:\/\/web1.eng.famu.fsu.edu\/~chandra\/courses\/eml3004c\/book\/chapter3\/chap3-3.html\">https:\/\/web1.eng.famu.fsu.edu\/~chandra\/courses\/eml3004c\/book\/chapter3\/chap3-3.html<\/a><\/li>\n<\/ul>\n"},"library":"H5P.AdvancedText 1.1","subContentId":"ddddeb4a-90d2-4345-bcb2-c97c35e8c1f6","metadata":{"contentType":"Text","license":"U","title":"Untitled Text"}},"sideImage":{"path":"images\/sideImage-61b7a8c08f9bf.png","mime":"image\/png","copyright":{"license":"U"},"width":802,"height":1582}},"library":"H5P.TextNImage 1.0","metadata":{"contentType":"Text and Image","license":"U","title":"Untitled Text and Image"},"subContentId":"81f46a85-1609-485c-98cd-f2e40fa9db7c"},"useSeparator":"enabled"},{"content":{"params":{"text":"<h3>Graduate Attributes<\/h3>\n\n<p>The content of this module relates to the following Graduate Attributes:<\/p>\n\n<p>3.1.1 A knowledge base for engineering: Demonstrated competence in university level mathematics, natural sciences, engineering fundamentals, and specialized engineering knowledge appropriate to the program.<\/p>\n\n<p>3.1.2 Problem analysis: An ability to use appropriate knowledge and skills to identify, formulate, analyze, and solve complex engineering problems in order to reach substantiated conclusions<\/p>\n\n<p>3.1.3 Investigation: An ability to conduct investigations of complex problems by methods that include appropriate experiments, analysis and interpretation of data, and synthesis of information in order to reach valid conclusions.<\/p>\n\n<p>3.1.7 Communication skills: An ability to communicate complex engineering concepts within the profession and with society at large. Such ability includes reading, writing, speaking and listening, and the ability to comprehend and write effective reports and design documentation, and to give and effectively respond to clear instructions.<\/p>\n\n<p>3.1.8 Professionalism: An understanding of the roles and responsibilities of the professional engineer in society, especially the primary role of protection of the public and the public interest.<\/p>\n\n<p>3.1.10 Ethics and equity: An ability to apply professional ethics, accountability, and equity.<\/p>\n\n<p>3.1.12 Life-long learning: An ability to identify and to address their own educational needs in a changing world in ways sufficient to maintain their competence and to allow them to contribute to the advancement of knowledge.<\/p>\n"},"library":"H5P.AdvancedText 1.1","metadata":{"contentType":"Text","license":"U","title":"Untitled Text"},"subContentId":"77dbf2f8-1c45-4505-95b1-67a8105409ff"},"useSeparator":"enabled"}]},"library":"H5P.ColumnCustom 1.0","subContentId":"0296a498-b3d2-415e-80f6-97a8a887b141","metadata":{"contentType":"ColumnCustom","license":"U","title":"Final Thoughts"}},{"params":{"content":[{"content":{"params":{"text":"<h2>References<\/h2>\n"},"library":"H5P.AdvancedText 1.1","metadata":{"contentType":"Text","license":"U","title":"Untitled Text"},"subContentId":"bcc25ba5-b423-4dec-8a43-d940b879b76c"},"useSeparator":"auto"},{"content":{"params":{"content":{"params":{"text":"<p>Fosmire, M. (2014). Engineering Research. In P. Keeran &amp; M. Levine-Clark (Eds.), <em>Research within the Disciplines: Foundations for Reference and Library Instruction<\/em> (eBook, pp. 46\u201349). Rowman &amp; Littlefield Publishers.<\/p>\n\n<p>Phillips, M., Fosmire, M., Petersheim, K., Turner, L., &amp; Lu, J. (2018). How do professional engineers use information compared to undergraduates, and how can libraries prepare students and support engineers for future success? In <em>Proceedings of the IATUL Conferences.<\/em> Paper 4 [Conference session]. https:\/\/docs.lib.purdue.edu\/iatul\/2018\/beyondnow\/4<\/p>\n\n<p>Professional Engineers Act, Code of Ethics \u00a7 77 (1990). p. 28.<\/p>\n\n<p>Professional Misconduct, Ontario Regulation 941 \u00a7 72 (1990). https:\/\/www.peo.on.ca\/about-peo\/what-peo\/acts-regulations-and-laws\/professional-misconduct-section-72-regulation-o-reg<\/p>\n"},"library":"H5P.AdvancedText 1.1","subContentId":"313030f9-9059-4695-ab3b-ad7e698c4cf4","metadata":{"contentType":"Text","license":"U","title":"Untitled Text"}}},"library":"H5P.Citations 1.0","metadata":{"contentType":"Citations","license":"U","title":"Untitled Citations"},"subContentId":"5731c1d2-db12-46ee-9b42-84ab92ef6f3c"},"useSeparator":"auto"},{"content":{"params":{"text":"<h3>Credits &amp; Licensing<\/h3>\n\n<p>\u00adContent Creators: Kate Mercer, Kari D. Weaver, Brie McConnell, Nasser Saleh, Michelle Spence, Ian Robson, and Jennifer Howcroft.<\/p>\n\n<p>Instructional and Graphic Designers: Anthony Maocheia-Ricci, Stefaniada Voichita, Stephanie Mutch, Hiba Zubairi, Cathy Sebastian, and Kari D. Weaver.<\/p>\n\n<p>Additional feedback was generously contributed by many faculty, staff, and students at the University of Waterloo, Queens University, and the University of Toronto.<\/p>\n\n<p>This module was created with financial support from a 2021 <a href=\"https:\/\/www.ecampusontario.ca\/\">eCampus Ontario<\/a> Virtual Learning Strategy Grant and is licensed under a Creative Commons 4.0 Attribution-Non-Commercial License<\/p>\n\n<p>(CC 4.0 BY-NC).<\/p>\n\n<p>Attribution may be indicated as follows:<\/p>\n\n<p>Mercer, K., Weaver, K.D., Saleh, N., Spence, M., Robson, I., Howcroft, J., Maocheia-Ricci, A., Voichita, S., Zubairi, H., &amp; Sebastian, C. (2022). <em>Information Use, Ethics, and Professionalism.<\/em> eCampus Ontario. Link to repository. Used under CC 4.0 BY-NC.<\/p>\n\n<p>For more information or to request permission for a non-licensed use, please email libaskus@uwaterloo.ca<\/p>\n\n<p>This project was led by individuals who live and work in Waterloo, which is the traditional territory of the Neutral, Anishinaabeg and Haudenosaunee peoples. The University of Waterloo\u2019s main campus is situated on the Haldimand Tract, the land granted to the Six Nations that includes six miles on each side of the Grand River. Our active work toward reconciliation takes place across our campuses through research, learning, teaching, and community building, and is centralized within our <a href=\"https:\/\/uwaterloo.ca\/human-rights-equity-inclusion\/indigenousinitiatives\">Indigenous Initiatives Office<\/a>.<\/p>\n"},"library":"H5P.AdvancedText 1.1","metadata":{"contentType":"Text","license":"U","title":"Untitled Text"},"subContentId":"716ba722-cf2a-49a0-8a39-1971ec73722d"},"useSeparator":"enabled"}]},"library":"H5P.ColumnCustom 1.0","subContentId":"8f12ae90-5cc4-42d6-afd3-d1514f6bb7b3","metadata":{"contentType":"ColumnCustom","license":"U","title":"References"}}],"behaviour":{"defaultTableOfContents":true,"progressIndicators":false,"progressAuto":true,"displaySummary":false},"read":"Read","displayTOC":"Display &#039;Table of contents&#039;","hideTOC":"Hide &#039;Table of contents&#039;","nextPage":"Next page","previousPage":"Previous page","chapterCompleted":"Page completed!","partCompleted":"@pages of @total completed","incompleteChapter":"Incomplete page","navigateToTop":"Navigate to the top","markAsFinished":"I have finished this page","fullscreen":"Fullscreen","exitFullscreen":"Exit fullscreen","bookProgressSubtext":"@count of @total pages","interactionsProgressSubtext":"@count of @total interactions","submitReport":"Submit Report","restartLabel":"Restart","summaryHeader":"Summary","allInteractions":"All interactions","unansweredInteractions":"Unanswered interactions","scoreText":"@score \/ @maxscore","leftOutOfTotalCompleted":"@left of @max interactions completed","noInteractions":"No interactions","score":"Score","summaryAndSubmit":"Summary &amp; submit","noChapterInteractionBoldText":"You have not interacted with any pages.","noChapterInteractionText":"You have to interact with at least one page before you can see the summary.","yourAnswersAreSubmittedForReview":"Your answers are submitted for review!","bookProgress":"Book progress","interactionsProgress":"Interactions progress","totalScoreLabel":"Total score","a11y":{"progress":"Page @page of @total.","menu":"Toggle navigation menu"}}