{
  "machineName": "H5P.ColumnCustom",
  "title": "ColumnCustom",
  "description": "Content holder displaying content in a column.",
  "contentType": "instructional",
  "license": "MIT",
  "author": "Joubel / Anthony Maocheia-Ricci",
  "majorVersion": 1,
  "minorVersion": 0,
  "patchVersion": 4,
  "runnable": 1,
  "fullscreen": 0,
  "embedTypes": [
    "iframe"
  ],
  "coreApi": {
    "majorVersion": 1,
    "minorVersion": 19
  },
  "preloadedJs": [
    {
      "path": "scripts/h5p-column-custom.js"
    }
  ],
  "preloadedCss": [
    {
      "path": "styles/h5p-column-custom.css"
    }
  ]
}