{"title":"Diversity of Information","language":"und","mainLibrary":"H5P.InteractiveBookCustom","embedTypes":["div"],"license":"U","preloadedDependencies":[{"machineName":"H5P.AdvancedText","majorVersion":"1","minorVersion":"1"},{"machineName":"H5P.TextNImage","majorVersion":"1","minorVersion":"0"},{"machineName":"H5P.Dialogcards","majorVersion":"1","minorVersion":"8"},{"machineName":"FontAwesome","majorVersion":"4","minorVersion":"5"},{"machineName":"H5P.JoubelUI","majorVersion":"1","minorVersion":"3"},{"machineName":"Drop","majorVersion":"1","minorVersion":"0"},{"machineName":"Tether","majorVersion":"1","minorVersion":"0"},{"machineName":"H5P.FontIcons","majorVersion":"1","minorVersion":"0"},{"machineName":"H5P.Transition","majorVersion":"1","minorVersion":"0"},{"machineName":"H5P.Audio","majorVersion":"1","minorVersion":"4"},{"machineName":"flowplayer","majorVersion":"1","minorVersion":"0"},{"machineName":"H5P.ColumnCustom","majorVersion":"1","minorVersion":"0"},{"machineName":"H5P.Multicard","majorVersion":"1","minorVersion":"1"},{"machineName":"H5P.IFrameEmbed","majorVersion":"1","minorVersion":"0"},{"machineName":"H5P.FileDownload","majorVersion":"1","minorVersion":"0"},{"machineName":"H5P.Citations","majorVersion":"1","minorVersion":"0"},{"machineName":"H5P.InteractiveBookCustom","majorVersion":"1","minorVersion":"0"}]}