{
  "title": "Essay",
  "description": "Score a student's essay automatically",
  "majorVersion": 1,
  "minorVersion": 2,
  "patchVersion": 3,
  "runnable": 1,
  "embedTypes": [
    "iframe"
  ],
  "author": "Oliver Tacke",
  "license": "MIT",
  "machineName": "H5P.Essay",
  "coreApi": {
    "majorVersion": 1,
    "minorVersion": 13
  },
  "preloadedJs": [
    {
      "path": "scripts/essay.js"
    },
    {
      "path": "scripts/inputfield.js"
    }
  ],
  "preloadedCss": [
    {
      "path": "styles/essay.css"
    }
  ],
  "preloadedDependencies": [
    {
      "machineName": "H5P.Question",
      "majorVersion": 1,
      "minorVersion": 4
    },
    {
      "machineName": "H5P.JoubelUI",
      "majorVersion": 1,
      "minorVersion": 3
    },
    {
      "machineName": "H5P.TextUtilities",
      "majorVersion": 1,
      "minorVersion": 3
    }
  ],
  "editorDependencies": [
    {
      "machineName": "H5PEditor.VerticalTabs",
      "majorVersion": 1,
      "minorVersion": 3
    },
    {
      "machineName": "H5PEditor.RangeList",
      "majorVersion": 1,
      "minorVersion": 0
    },
    {
      "machineName": "H5PEditor.ShowWhen",
      "majorVersion": 1,
      "minorVersion": 0
    }
  ]
}
