{
  "title": "Accordion",
  "majorVersion": 1,
  "minorVersion": 0,
  "patchVersion": 26,
  "embedTypes": [
    "iframe"
  ],
  "runnable": 1,
  "fullscreen": 0,
  "machineName": "H5P.Accordion",
  "author": "Joubel",
  "coreApi": {
    "majorVersion": 1,
    "minorVersion": 5
  },
  "license": "MIT",
  "preloadedJs": [
    {
      "path": "h5p-accordion.js"
    }
  ],
  "preloadedDependencies": [
    {
      "machineName": "FontAwesome",
      "majorVersion": 4,
      "minorVersion": 5
    }
  ],
  "preloadedCss": [
    {
      "path": "h5p-accordion.css"
    }
  ]
}