{"title":"Information Overload","language":"und","mainLibrary":"H5P.InteractiveBookCustom","embedTypes":["div"],"license":"U","preloadedDependencies":[{"machineName":"H5P.AdvancedText","majorVersion":"1","minorVersion":"1"},{"machineName":"H5P.TextNImage","majorVersion":"1","minorVersion":"0"},{"machineName":"H5P.ColumnCustom","majorVersion":"1","minorVersion":"0"},{"machineName":"H5P.Multicard","majorVersion":"1","minorVersion":"1"},{"machineName":"FontAwesome","majorVersion":"4","minorVersion":"5"},{"machineName":"H5P.IFrameEmbed","majorVersion":"1","minorVersion":"0"},{"machineName":"H5P.FileDownload","majorVersion":"1","minorVersion":"0"},{"machineName":"H5P.TrueFalse","majorVersion":"1","minorVersion":"6"},{"machineName":"H5P.FontIcons","majorVersion":"1","minorVersion":"0"},{"machineName":"H5P.JoubelUI","majorVersion":"1","minorVersion":"3"},{"machineName":"Drop","majorVersion":"1","minorVersion":"0"},{"machineName":"Tether","majorVersion":"1","minorVersion":"0"},{"machineName":"H5P.Transition","majorVersion":"1","minorVersion":"0"},{"machineName":"H5P.Question","majorVersion":"1","minorVersion":"4"},{"machineName":"H5P.CardGrid","majorVersion":"1","minorVersion":"1"},{"machineName":"H5P.MultiChoice","majorVersion":"1","minorVersion":"14"},{"machineName":"EmbeddedJS","majorVersion":"1","minorVersion":"0"},{"machineName":"H5P.Citations","majorVersion":"1","minorVersion":"0"},{"machineName":"H5P.InteractiveBookCustom","majorVersion":"1","minorVersion":"0"}]}