{"showCoverPage":true,"bookCover":{"coverDescription":"","coverImage":{"path":"images\/coverImage-619812df24143.png","mime":"image\/png","copyright":{"license":"U"},"width":409,"height":407},"coverAltText":"Icon of checklist with magnifying glass"},"behaviour":{"defaultTableOfContents":true,"progressIndicators":false,"progressAuto":true,"displaySummary":false},"read":"Read","displayTOC":"Display &#039;Table of contents&#039;","hideTOC":"Hide &#039;Table of contents&#039;","nextPage":"Next page","previousPage":"Previous page","chapterCompleted":"Page completed!","partCompleted":"@pages of @total completed","incompleteChapter":"Incomplete page","navigateToTop":"Navigate to the top","markAsFinished":"I have finished this page","fullscreen":"Fullscreen","exitFullscreen":"Exit fullscreen","bookProgressSubtext":"@count of @total pages","interactionsProgressSubtext":"@count of @total interactions","submitReport":"Submit Report","restartLabel":"Restart","summaryHeader":"Summary","allInteractions":"All interactions","unansweredInteractions":"Unanswered interactions","scoreText":"@score \/ @maxscore","leftOutOfTotalCompleted":"@left of @max interactions completed","noInteractions":"No interactions","score":"Score","summaryAndSubmit":"Summary &amp; submit","noChapterInteractionBoldText":"You have not interacted with any pages.","noChapterInteractionText":"You have to interact with at least one page before you can see the summary.","yourAnswersAreSubmittedForReview":"Your answers are submitted for review!","bookProgress":"Book progress","interactionsProgress":"Interactions progress","totalScoreLabel":"Total score","a11y":{"progress":"Page @page of @total.","menu":"Toggle navigation menu"},"chapters":[{"params":{"content":[{"content":{"params":{"sideToggle":true,"expandToggle":false,"content":{"params":{"text":"<h2><span><span><span>Introduction<\/span><\/span><\/span><\/h2>\n\n<p><span><span><span><span>As future engineers, you will interact with information every day, but your information needs and access will vary over time and across different projects. While in school, you\u2019ll need to start building your information skillset so that you\u2019re ready to research and evaluate information effectively as a professional.<\/span><\/span><\/span><\/span><\/p>\n\n<p><span><span><span><span>In this module you will learn:<\/span><\/span><\/span><\/span><\/p>\n\n<ul>\n\t<li><span><span><span><span lang=\"EN-US\"><span>How to assess, examine, and evaluate the uses of information, including distinguishing between facts, values and opinions<\/span><\/span><\/span><\/span><\/span><\/li>\n<\/ul>\n\n<ul>\n\t<li><span><span><span><span lang=\"EN-US\"><span>How and where you can find the information you need to be successful, and <\/span><\/span><\/span><\/span><\/span><\/li>\n\t<li><span><span>How to evaluate and be critical of the information you find, using tools that can help you<\/span><\/span><\/li>\n<\/ul>\n"},"library":"H5P.AdvancedText 1.1","subContentId":"cb56df3d-6993-4e65-a43f-a573eab2d9a2","metadata":{"contentType":"Text","license":"U","title":"Untitled Text"}},"sideImage":{"path":"images\/sideImage-619812ceb6cb7.png","mime":"image\/png","copyright":{"license":"U"},"width":409,"height":407},"iconToggle":true,"altText":"Icon of checklist with magnifying glass"},"library":"H5P.TextNImage 1.0","metadata":{"contentType":"Text and Image","license":"U","title":"Introduction"},"subContentId":"71fcbd72-a52d-49d0-adc7-62a7beae3d68"},"useSeparator":"enabled"},{"content":{"params":{"text":"<h2><span><span><span><span>Land Acknowledgement<\/span><\/span><\/span><\/span><\/h2>\n\n<p><span><span><span>The <\/span><a href=\"http:\/\/nctr.ca\/assets\/reports\/Final%20Reports\/Executive_Summary_English_Web.pdf\" target=\"_blank\" title=\"http:\/\/nctr.ca\/assets\/reports\/final%20reports\/executive_summary_english_web.pdf\"><span><span>Truth and Reconciliation Commission of Canada<\/span><\/span><\/a><span>\u2019s final report calls for 94 actions toward restoring a balanced relationship between Indigenous peoples and settler communities in this country. <\/span><\/span><\/span><\/p>\n\n<p><strong><span><span><span>We encourage you to not only acknowledge the traditional territory on which your institution resides, but to also ground this acknowledgement with action.<\/span> <\/span><\/span><\/strong><\/p>\n\n<p><span><span>A great resource for this is <\/span><\/span><strong><span><span><a href=\"https:\/\/native-land.ca\/\"><span><span>Native Land<\/span><\/span><\/a><\/span><\/span><\/strong><span><span>. <\/span><\/span><span><span>We also suggest looking at the resources provided by the <strong>The <\/strong><\/span><\/span><strong><span><span><a href=\"https:\/\/xwi7xwa.library.ubc.ca\/\"><span><span>Xwi7xwa Library<\/span><\/span><\/a><\/span><\/span><\/strong><span><span>, which is a centre for academic and community Indigenous scholarship. Its collections and services reflect Aboriginal approaches to teaching, learning, and research, and it is the only branch of an academic library in Canada that is entirely dedicated to Indigenous materials.<\/span><\/span><\/p>\n"},"library":"H5P.AdvancedText 1.1","metadata":{"contentType":"Text","license":"U","title":"Untitled Text"},"subContentId":"4a49c1a7-7eba-4c37-9ad8-6494b4670cf8"},"useSeparator":"enabled"},{"content":{"params":{"sideToggle":false,"expandToggle":false,"content":{"params":{"text":"<h2><span><span><span><span>What is information?<\/span><\/span><\/span><\/span><\/h2>\n\n<p><span><span><span>Information is defined as \u201cknowledge obtained from investigation, study, or instruction\u201d and may include intelligence, news, facts, or data (<\/span><a href=\"https:\/\/www.merriam-webster.com\/dictionary\/information\"><span>Merriam-Webster<\/span><\/a><span>, n.d.).<\/span><\/span><\/span><\/p>\n\n<p><span><span><span>As this broad definition suggests, information can come in many different forms and from a variety of sources. Sometimes we use information for general news and personal entertainment. Other times, especially within the academy and as practicing engineers, we use information as evidence to back up our claims and make good decisions.<\/span><\/span><\/span><\/p>\n"},"library":"H5P.AdvancedText 1.1","subContentId":"565f3a2e-bbf5-4f11-8435-5fac665356b5","metadata":{"contentType":"Text","license":"U","title":"Untitled Text"}},"sideImage":{"path":"images\/sideImage-619812ebc1017.png","mime":"image\/png","copyright":{"license":"U"},"width":384,"height":402},"iconToggle":true,"altText":"Icon of book with lightbulb"},"library":"H5P.TextNImage 1.0","metadata":{"contentType":"Text and Image","license":"U","title":"What is Information?"},"subContentId":"01ea553b-39c0-44e3-84bf-1b1fd15fa5da"},"useSeparator":"enabled"},{"content":{"params":{"sideToggle":true,"expandToggle":false,"content":{"params":{"text":"<h3><span><span><span>Types of information<\/span><\/span><\/span><\/h3>\n\n<p><span><span><span>Taking the time to consider <strong>what type<\/strong> of information you need can make it easier to know where you should start looking for that information. <\/span><\/span><\/span><\/p>\n\n<p><span><span><span>In academia we distinguish between <strong>popular<\/strong> and <strong>academic<\/strong> types of information.<\/span><\/span><\/span><\/p>\n"},"library":"H5P.AdvancedText 1.1","subContentId":"be038a55-6bb0-47ea-af54-21081b30ab6e","metadata":{"contentType":"Text","license":"U","title":"Untitled Text"}},"sideImage":{"path":"images\/sideImage-619813051d28d.png","mime":"image\/png","copyright":{"license":"U"},"width":379,"height":792},"iconToggle":true,"altText":"Librarian avatar gesturing towards text"},"library":"H5P.TextNImage 1.0","metadata":{"contentType":"Text and Image","license":"U","title":"Types of information"},"subContentId":"1650be2d-ed63-46ae-95e4-4f11b4f8db20"},"useSeparator":"enabled"},{"content":{"params":{"cards":[{"content":{"params":{"text":"<ul>\n\t<li><span><span><span><span lang=\"EN-US\"><span>Uses everyday language<\/span><\/span><\/span><\/span><\/span><\/li>\n\t<li><span><span><span><span lang=\"EN-US\"><span>Is aimed at a general audience<\/span><\/span><\/span><\/span><\/span><\/li>\n\t<li><span><span><span><span lang=\"EN-US\"><span>Offers simplified or generalized surveys and analyses <\/span><\/span><\/span><\/span><\/span><\/li>\n\t<li><span><span><span><span lang=\"EN-US\"><span>May present conclusions that are not necessarily built on sound scientific knowledge<\/span><\/span><\/span><\/span><\/span><\/li>\n\t<li><span><span><span><span lang=\"EN-US\"><span>Does not have the same authority, depth, or academic rigor as scholarly material<\/span><\/span><\/span><\/span><\/span><\/li>\n\t<li><span><span><span><span lang=\"EN-US\"><span>May be written by experts or non-experts<\/span><\/span><\/span><\/span><\/span><\/li>\n<\/ul>\n\n<p>&nbsp;<\/p>\n\n<p><span><span><span>Sources of popular information include:<\/span><\/span><\/span><\/p>\n\n<ul>\n\t<li><span><span><span><span lang=\"EN-US\"><span>Newspapers, magazines, trade publications, blogs (even when written by an expert)<\/span><\/span><\/span><\/span><\/span><\/li>\n\t<li><span><span><span><span lang=\"EN-US\"><span>Reddit, Wikipedia, Stack Overflow<\/span><\/span><\/span><\/span><\/span><\/li>\n\t<li><span><span><span><span lang=\"EN-US\"><span>Most of the internet<\/span><\/span><\/span><\/span><\/span><\/li>\n<\/ul>\n"},"library":"H5P.AdvancedText 1.1","metadata":{"contentType":"Text","license":"U","title":"Untitled Text"},"subContentId":"b523e985-9eca-4720-98eb-9d5e9db77c5b"},"title":"Popular information"},{"content":{"params":{"text":"<ul>\n\t<li><span><span><span><span lang=\"EN-US\"><span>Uses more complex, technical language<\/span><\/span><\/span><\/span><\/span><\/li>\n\t<li><span><span><span><span lang=\"EN-US\"><span>Is written by experts (and often includes details about the author that helps you assess their expertise)<\/span><\/span><\/span><\/span><\/span><\/li>\n\t<li><span><span><span><span lang=\"EN-US\"><span>Is aimed at other experts in the field<\/span><\/span><\/span><\/span><\/span><\/li>\n\t<li><span><span><span><span lang=\"EN-US\"><span>Will help you build a trusted foundation of knowledge<\/span><\/span><\/span><\/span><\/span><\/li>\n\t<li><span><span><span><span lang=\"EN-US\"><span>May have gone through a formal peer review process<\/span><\/span><\/span><\/span><\/span><\/li>\n<\/ul>\n"},"library":"H5P.AdvancedText 1.1","metadata":{"contentType":"Text","license":"U","title":"Untitled Text"},"subContentId":"0d0d9712-2cdc-43d4-806a-3e7e74b1929f"},"title":"Academic information"}]},"library":"H5P.Multicard 1.1","metadata":{"contentType":"Multicard","license":"U","title":"Untitled Multicard"},"subContentId":"fdc03761-d269-470c-a8ae-47cdcc1d0cbb"},"useSeparator":"disabled"},{"content":{"params":{"text":"<h3><span><span><span><span>Types of sources<\/span><\/span><\/span><\/span><\/h3>\n\n<p><span><span><span>Different types of information can also be found in different types of sources.<\/span><\/span><\/span><\/p>\n\n<p><span><span><strong><span>Primary sources<\/span><\/strong><span> contain information being presented for the first time, such as original research findings or designs for a patent.<\/span><\/span><\/span><\/p>\n\n<p><span><span><span><strong>Secondary sources<\/strong> <\/span><span>contain summaries, interpretations, or critiques of primary information. Review articles are an example of these sources.<\/span><\/span><\/span><\/p>\n\n<p><span><span><span><strong>Tertiary sources<\/strong> <\/span><span>consolidate primary and secondary information to create broad overviews like those you might find in an encyclopedia or textbook.<\/span><\/span><\/span><\/p>\n\n<p><span><span>We will discuss these three types of sources in more detail later in the module.<\/span><\/span><\/p>\n"},"library":"H5P.AdvancedText 1.1","metadata":{"contentType":"Text","license":"U","title":"Untitled Text"},"subContentId":"a501404f-6a4d-45f4-8ced-b978aea17d81"},"useSeparator":"enabled"},{"content":{"params":{"sideToggle":true,"expandToggle":false,"content":{"params":{"text":"<h2><span><span><span>What is information evaluation?<\/span><\/span><\/span><\/h2>\n\n<p><span><span>When we interact with information, we must be able to decide if it is suitable for our intended use and trustworthy enough to guide our opinions. This critical reflection is referred to as <strong>information evaluation<\/strong>.&nbsp; <\/span><\/span><\/p>\n"},"library":"H5P.AdvancedText 1.1","subContentId":"3986a36a-3b8c-466a-9dd1-370b9f722285","metadata":{"contentType":"Text","license":"U","title":"Untitled Text"}},"sideImage":{"path":"images\/sideImage-6198132308716.png","mime":"image\/png","copyright":{"license":"U"},"width":409,"height":407},"iconToggle":true,"altText":"Icon of checklist with magnifying glass"},"library":"H5P.TextNImage 1.0","metadata":{"contentType":"Text and Image","license":"U","title":"Untitled Text and Image"},"subContentId":"73ca5362-46a7-4adb-a40b-b73bc18a34e6"},"useSeparator":"enabled"},{"content":{"params":{"text":"<h3><span><span><span>Why evaluate information?<\/span><\/span><\/span><\/h3>\n\n<p><span><span><span>Chances are you already use some form of information evaluation when you encounter information in your everyday life, but as you progress through your academic career and into professional practice, <strong>the stakes get higher<\/strong>.<\/span><\/span><\/span><\/p>\n\n<p><span><span><span>Using unreliable information to complete your class assignments will result in poorly supported or misinformed arguments and lower grades. Using unreliable information as a professional engineer could damage your professional reputation, or worse, jeopardize the safety of yourself and others.<\/span><\/span><\/span><\/p>\n\n<p><span><span><span>Therefore, as a student or professional, you should be putting more time and effort into thoroughly evaluating the information you use. In this module, we will introduce systematic approaches to information evaluation that will help you work through this process. <\/span><\/span><\/span><\/p>\n"},"library":"H5P.AdvancedText 1.1","metadata":{"contentType":"Text","license":"U","title":"Untitled Text"},"subContentId":"8f42cdbd-55ec-4226-9890-e50ae403c9dd"},"useSeparator":"enabled"}]},"library":"H5P.ColumnCustom 1.0","subContentId":"ac709b30-4512-4aae-b3e5-4063dd6d8ea4","metadata":{"contentType":"ColumnCustom","license":"U","title":"Introduction"}},{"params":{"content":[{"content":{"params":{"sideToggle":true,"expandToggle":false,"content":{"params":{"text":"<h2>Finding engineering information<\/h2>\n\n<p>As a student, you have access to a wide variety of engineering-focused information. How do you find what you\u2019re looking for?&nbsp;<\/p>\n\n<p>Knowing where different types of information are commonly found can help you get a better idea of where to start looking for the information you need.<\/p>\n"},"library":"H5P.AdvancedText 1.1","subContentId":"6cfe30cb-675a-4213-b310-fd0bfb21937c","metadata":{"contentType":"Text","license":"U","title":"Untitled Text"}},"iconToggle":true,"sideImage":{"path":"images\/sideImage-619bad85d5aaf.png","mime":"image\/png","copyright":{"license":"U"},"width":478,"height":471},"altText":"Icon of paper with magnifying glass"},"library":"H5P.TextNImage 1.0","metadata":{"contentType":"Text and Image","license":"U","title":"Untitled Text and Image"},"subContentId":"90acc1f3-4a07-4cb3-ac4e-05b0bfbfcbe7"},"useSeparator":"auto"},{"content":{"params":{"text":"<h3>Primary \/ secondary \/ tertiary information<\/h3>\n\n<p>Engineering information can be found in primary, secondary, or tertiary sources. Let\u2019s examine each of these more closely.<br>\n&nbsp;<\/p>\n"},"library":"H5P.AdvancedText 1.1","metadata":{"contentType":"Text","license":"U","title":"Untitled Text"},"subContentId":"f84cf31b-99cf-4eee-9e8b-e92d669076b4"},"useSeparator":"enabled"},{"content":{"params":{"cards":[{"content":{"params":{"content":[{"content":{"params":{"sideToggle":false,"expandToggle":false,"content":{"params":{"text":"<p><span><span><span>Primary sources present information, data, or research findings for the first time. These sources are usually written by the researcher(s) who designed and conducted the research, giving us a first-hand account of what happened. This could also include information you, yourself collect.<\/span><\/span><\/span><\/p>\n"},"library":"H5P.AdvancedText 1.1","subContentId":"29e8adcd-16b1-45c3-a219-840795490a3d","metadata":{"contentType":"Text","license":"U","title":"Untitled Text"}},"iconToggle":true,"altText":"Icon of number 1","sideImage":{"path":"images\/sideImage-619fdf1b89e2a.png","mime":"image\/png","copyright":{"license":"U"},"width":1542,"height":1542}},"library":"H5P.TextNImage 1.0","metadata":{"contentType":"Text and Image","license":"U","title":"Untitled Text and Image"},"subContentId":"eb9d5d12-5b16-4e35-a124-72faad602325"},"useSeparator":"auto"},{"content":{"params":{"sideToggle":true,"expandToggle":false,"content":{"params":{"text":"<p><span><span><span>Examples of primary sources of engineering information include: <\/span><\/span><\/span><\/p>\n\n<ul>\n\t<li><span><span><span><span lang=\"EN-US\"><span>Peer-reviewed journal articles describing original research <\/span><\/span><\/span><\/span><\/span><\/li>\n\t<li><span><span><span><span lang=\"EN-US\"><span>Dissertations <\/span><\/span><\/span><\/span><\/span><\/li>\n\t<li><span><span><span><span lang=\"EN-US\"><span>Technical reports <\/span><\/span><\/span><\/span><\/span><\/li>\n\t<li><span><span><span><span lang=\"EN-US\"><span>Patents <\/span><\/span><\/span><\/span><\/span><\/li>\n\t<li><span><span><span><span lang=\"EN-US\"><span>Conference proceedings <\/span><\/span><\/span><\/span><\/span><\/li>\n\t<li><span><span><span><span lang=\"EN-US\"><span>Unpublished lab notes<\/span><\/span><\/span><\/span><\/span><\/li>\n<\/ul>\n\n<p><span><span><span>These sources can be a great place to find:<\/span><\/span><\/span><\/p>\n\n<ul>\n\t<li><span><span><span><span lang=\"EN-US\"><span>Information on cutting edge discoveries<\/span><\/span><\/span><\/span><\/span><\/li>\n\t<li><span><span><span><span lang=\"EN-US\"><span>Descriptions and designs of inventions<\/span><\/span><\/span><\/span><\/span><\/li>\n\t<li><span><span><span><span lang=\"EN-US\"><span>Statistics and research data<\/span><\/span><\/span><\/span><\/span><\/li>\n<\/ul>\n"},"library":"H5P.AdvancedText 1.1","subContentId":"4ffba616-d9fa-45be-b5c2-90447419ba1c","metadata":{"contentType":"Text","license":"U","title":"Untitled Text"}},"iconToggle":true,"sideImage":{"path":"images\/sideImage-619badb75e950.png","mime":"image\/png","copyright":{"license":"U"},"width":370,"height":505},"altText":"Icon of a patent paper"},"library":"H5P.TextNImage 1.0","metadata":{"contentType":"Text and Image","license":"U","title":"Untitled Text and Image"},"subContentId":"5a07f5a2-93f8-404b-bc05-04142328a837"},"useSeparator":"auto"}]},"library":"H5P.ColumnCustom 1.0","metadata":{"contentType":"ColumnCustom","license":"U","title":"Untitled ColumnCustom"},"subContentId":"9bb145e4-3af6-4d79-ae73-e439745eeb59"},"title":"Primary sources"},{"content":{"params":{"content":[{"content":{"params":{"sideToggle":false,"expandToggle":false,"content":{"params":{"text":"<p><span><span><span>Secondary sources build on primary sources by describing, interpreting, evaluating, analyzing or synthesizing the findings of other studies.&nbsp; <\/span><\/span><\/span><\/p>\n"},"library":"H5P.AdvancedText 1.1","subContentId":"18c993ce-addb-4560-9057-70a67d72a60e","metadata":{"contentType":"Text","license":"U","title":"Untitled Text"}},"iconToggle":true,"altText":"Icon of number 2","sideImage":{"path":"images\/sideImage-619fdf3099c31.png","mime":"image\/png","copyright":{"license":"U"},"width":1542,"height":1542}},"library":"H5P.TextNImage 1.0","metadata":{"contentType":"Text and Image","license":"U","title":"Untitled Text and Image"},"subContentId":"7f5edab1-1ad4-4356-aa5f-65000ceda048"},"useSeparator":"auto"},{"content":{"params":{"sideToggle":true,"expandToggle":false,"content":{"params":{"text":"<p><span><span><span>Examples of secondary sources of engineering information include: <\/span><\/span><\/span><\/p>\n\n<ul>\n\t<li><span><span><span><span lang=\"EN-US\"><span>Literature review journal articles <\/span><\/span><\/span><\/span><\/span><\/li>\n\t<li><span><span><span><span lang=\"EN-US\"><span>Books <\/span><\/span><\/span><\/span><\/span><\/li>\n\t<li><span><span><span><span lang=\"EN-US\"><span>White papers <\/span><\/span><\/span><\/span><\/span><\/li>\n\t<li><span><span><span><span lang=\"EN-US\"><span>Technical documents <\/span><\/span><\/span><\/span><\/span><\/li>\n\t<li><span><span><span><span lang=\"EN-US\"><span>Some trade publications <\/span><\/span><\/span><\/span><\/span><\/li>\n\t<li><span><span><span><span lang=\"EN-US\"><span>Systematic reviews <\/span><\/span><\/span><\/span><\/span><\/li>\n\t<li><span><span><span><span lang=\"EN-US\"><span>News articles <\/span><\/span><\/span><\/span><\/span><\/li>\n<\/ul>\n\n<p><span><span><span>These sources can be a great place to find:<\/span><\/span><\/span><\/p>\n\n<ul>\n\t<li><span><span><span><span lang=\"EN-US\"><span>Interpretations or criticisms of primary research <\/span><\/span><\/span><\/span><\/span><\/li>\n\t<li><span><span><span><span lang=\"EN-US\"><span>Summaries of everything that is known about a particular topic, based on the findings of multiple studies or reports <\/span><\/span><\/span><\/span><\/span><\/li>\n\t<li><span><span><span><span lang=\"EN-US\"><span>Recommendations and best practices <\/span><\/span><\/span><\/span><\/span><\/li>\n\t<li><span><span><span><span lang=\"EN-US\"><span>Lengthy reference lists that will help you find other sources on the topic<\/span><\/span><\/span><\/span><\/span><\/li>\n<\/ul>\n"},"library":"H5P.AdvancedText 1.1","subContentId":"c5ff1050-78ea-475e-a788-1ed2224bc323","metadata":{"contentType":"Text","license":"U","title":"Untitled Text"}},"iconToggle":true,"sideImage":{"path":"images\/sideImage-619bade88457c.png","mime":"image\/png","copyright":{"license":"U"},"width":372,"height":327},"altText":"Icon of a newspaper with header NEWS"},"library":"H5P.TextNImage 1.0","metadata":{"contentType":"Text and Image","license":"U","title":"Untitled Text and Image"},"subContentId":"be133f08-8ff1-4f58-953c-6b1160ce85cf"},"useSeparator":"auto"}]},"library":"H5P.ColumnCustom 1.0","metadata":{"contentType":"ColumnCustom","license":"U","title":"Untitled ColumnCustom"},"subContentId":"b244c47f-38eb-4658-802b-7a621d07974a"},"title":"Secondary sources"},{"content":{"params":{"content":[{"content":{"params":{"sideToggle":false,"expandToggle":false,"content":{"params":{"text":"<p><span><span><span>Tertiary sources combine the information found in both primary and secondary sources to provide broad overviews on a range of topics.&nbsp; <\/span><\/span><\/span><\/p>\n"},"library":"H5P.AdvancedText 1.1","subContentId":"2612761a-4a84-4c08-9fae-05240bcc7925","metadata":{"contentType":"Text","license":"U","title":"Untitled Text"}},"iconToggle":true,"altText":"Icon of number 3","sideImage":{"path":"images\/sideImage-619fdf3bc45aa.png","mime":"image\/png","copyright":{"license":"U"},"width":1542,"height":1542}},"library":"H5P.TextNImage 1.0","metadata":{"contentType":"Text and Image","license":"U","title":"Untitled Text and Image"},"subContentId":"79df27ed-1c87-475f-9fa5-fe216250bf1f"},"useSeparator":"auto"},{"content":{"params":{"sideToggle":true,"expandToggle":false,"content":{"params":{"text":"<p><span><span><span>Examples of tertiary sources of engineering information include: <\/span><\/span><\/span><\/p>\n\n<ul>\n\t<li><span><span><span><span lang=\"EN-US\"><span>Textbooks <\/span><\/span><\/span><\/span><\/span><\/li>\n\t<li><span><span><span><span lang=\"EN-US\"><span>Dictionaries <\/span><\/span><\/span><\/span><\/span><\/li>\n\t<li><span><span><span><span lang=\"EN-US\"><span>Encyclopedias <\/span><\/span><\/span><\/span><\/span><\/li>\n\t<li><span><span><span><span lang=\"EN-US\"><span>Handbooks <\/span><\/span><\/span><\/span><\/span><\/li>\n<\/ul>\n\n<p><span><span><span>These sources can be a great place to find:<\/span><\/span><\/span><\/p>\n\n<ul>\n\t<li><span><span><span><span lang=\"EN-US\"><span>A concise summary of a topic <\/span><\/span><\/span><\/span><\/span><\/li>\n\t<li><span><span><span><span lang=\"EN-US\"><span>Widely agreed upon facts <\/span><\/span><\/span><\/span><\/span><\/li>\n\t<li><span><span><span><span lang=\"EN-US\"><span>Common terms or keywords used to talk about the subject <\/span><\/span><\/span><\/span><\/span><\/li>\n\t<li><span><span><span><span lang=\"EN-US\"><span>Definitions <\/span><\/span><\/span><\/span><\/span><\/li>\n<\/ul>\n\n<p><span><span>Basic equations<\/span><\/span><\/p>\n"},"library":"H5P.AdvancedText 1.1","subContentId":"a1fda60c-8916-4b75-80c1-1f0dae62bbc4","metadata":{"contentType":"Text","license":"U","title":"Untitled Text"}},"iconToggle":true,"sideImage":{"path":"images\/sideImage-619bae17abd48.png","mime":"image\/png","copyright":{"license":"U"},"width":525,"height":378},"altText":"Icon of open book"},"library":"H5P.TextNImage 1.0","metadata":{"contentType":"Text and Image","license":"U","title":"Untitled Text and Image"},"subContentId":"8fcf54fa-6aee-4e24-8e4b-343ca23a891e"},"useSeparator":"auto"}]},"library":"H5P.ColumnCustom 1.0","metadata":{"contentType":"ColumnCustom","license":"U","title":"Untitled ColumnCustom"},"subContentId":"82867182-dd93-4adb-a5ac-f92963559719"},"title":"Tertiary sources"}]},"library":"H5P.Multicard 1.1","metadata":{"contentType":"Multicard","license":"U","title":"Untitled Multicard"},"subContentId":"5e6b72fd-0f7c-4cbe-8b81-fcc0a763dc00"},"useSeparator":"disabled"},{"content":{"params":{"sideToggle":false,"expandToggle":false,"content":{"params":{"text":"<h3><span><span><span>Where to find it<\/span><\/span><\/span><\/h3>\n\n<p><span><span><span>Primary, secondary, and tertiary information is found in a wide range of resources, some that may be freely available online and others that you will have to access through the library.<\/span><\/span><\/span><\/p>\n\n<p><span><span><span>For example:<\/span><\/span><\/span><\/p>\n\n<p><strong><span><span><span>An internet search is where you can find:<\/span><\/span><\/span><\/strong><\/p>\n\n<ul>\n\t<li><span><span><span><span lang=\"EN-US\"><span>Primary sources like patents and technical reports<\/span><\/span><\/span><\/span><\/span><\/li>\n\t<li><span><span><span><span lang=\"EN-US\"><span>Secondary sources like white papers, news articles, and technical documents<\/span><\/span><\/span><\/span><\/span><\/li>\n\t<li><span><span><span><span lang=\"EN-US\"><span>Tertiary sources like online encyclopedias (e.g. Wikipedia) and dictionaries<\/span><\/span><\/span><\/span><\/span><\/li>\n<\/ul>\n\n<p><strong><span><span><span>The library is where you\u2019ll find:<\/span><\/span><\/span><\/strong><\/p>\n\n<ul>\n\t<li><span><span><span><span lang=\"EN-US\"><span>Primary sources such as peer-reviewed journal articles, patents, and conference papers<\/span><\/span><\/span><\/span><\/span><\/li>\n\t<li><span><span><span><span lang=\"EN-US\"><span>Secondary sources such as review articles, books, and trade publications<\/span><\/span><\/span><\/span><\/span><\/li>\n\t<li><span><span><span><span lang=\"EN-US\"><span>Tertiary sources such as encyclopedias, textbooks, and handbooks<\/span><\/span><\/span><\/span><\/span><\/li>\n<\/ul>\n"},"library":"H5P.AdvancedText 1.1","subContentId":"856e724f-03f9-4a7e-bce2-bc2808503e29","metadata":{"contentType":"Text","license":"U","title":"Untitled Text"}},"iconToggle":true,"sideImage":{"path":"images\/sideImage-619bae331cab7.png","mime":"image\/png","copyright":{"license":"U"},"width":489,"height":440},"altText":"Icon of webpage with magnifying class in corner"},"library":"H5P.TextNImage 1.0","metadata":{"contentType":"Text and Image","license":"U","title":"Untitled Text and Image"},"subContentId":"b1e41fbe-ee08-446c-bc9c-d8e270f8b838"},"useSeparator":"enabled"},{"content":{"params":{"sideToggle":true,"expandToggle":false,"content":{"params":{"text":"<h3><span><span><span>Grey literature<\/span><\/span><\/span><\/h3>\n\n<p><span><span><span>Grey literature refers to information sources that are not produced by commercial publishers. Instead, grey literature producers often include agencies, organizations, and companies.<\/span><\/span><\/span><\/p>\n\n<p><span><span><span>Many different types of resources fall under the category of grey literature, including:<\/span><\/span><\/span><\/p>\n\n<ul>\n\t<li><span><span><span><span lang=\"EN-US\"><span>Government reports<\/span><\/span><\/span><\/span><\/span><\/li>\n\t<li><span><span><span><span lang=\"EN-US\"><span>NGO publications <\/span><\/span><\/span><\/span><\/span><\/li>\n\t<li><span><span><span><span lang=\"EN-US\"><span>Technical reports<\/span><\/span><\/span><\/span><\/span><\/li>\n\t<li><span><span><span><span lang=\"EN-US\"><span>White papers<\/span><\/span><\/span><\/span><\/span><\/li>\n\t<li><span><span><span><span lang=\"EN-US\"><span>Standards<\/span><\/span><\/span><\/span><\/span><\/li>\n\t<li><span><span><span><span lang=\"EN-US\"><span>Patents<\/span><\/span><\/span><\/span><\/span><\/li>\n\t<li><span><span><span><span lang=\"EN-US\"><span>Material Safety Data Sheets (MSDS)<\/span><\/span><\/span><\/span><\/span><\/li>\n\t<li><span><span><span><span lang=\"EN-US\"><span>Health organization publications<\/span><\/span><\/span><\/span><\/span><\/li>\n\t<li><span><span><span><span lang=\"EN-US\"><span>Conference proceedings<\/span><\/span><\/span><\/span><\/span><\/li>\n\t<li><span><span><span><span lang=\"EN-US\"><span>Theses and dissertations<\/span><\/span><\/span><\/span><\/span><\/li>\n\t<li><span><span><span><span lang=\"EN-US\"><span>Marginalized perspectives<\/span><\/span><\/span><\/span><\/span><\/li>\n\t<li><span><span><span><span lang=\"EN-US\"><span>Accounts of lived experiences<\/span><\/span><\/span><\/span><\/span><\/li>\n\t<li><span><span><span><span lang=\"EN-US\"><span>Speeches<\/span><\/span><\/span><\/span><\/span><\/li>\n\t<li><span><span><span><span lang=\"EN-US\"><span>Blogs<\/span><\/span><\/span><\/span><\/span><\/li>\n\t<li><span><span><span><span lang=\"EN-US\"><span>And more!<\/span><\/span><\/span><\/span><\/span><\/li>\n<\/ul>\n\n<p><span><span><span>Check out GreyNet International\u2019s <\/span><a href=\"http:\/\/www.greynet.org\/greysourceindex\/documenttypes.html\"><span>Document types in grey literature<\/span><\/a><span> page for more examples.<\/span><\/span><\/span><\/p>\n"},"library":"H5P.AdvancedText 1.1","subContentId":"3f510983-6425-4573-be0d-28f89042dda9","metadata":{"contentType":"Text","license":"U","title":"Untitled Text"}},"sideImage":{"path":"images\/sideImage-618d7473bb920.png","mime":"image\/png","copyright":{"license":"U"},"width":756,"height":1582},"iconToggle":true,"altText":"Librarian avatar gesturing towards text"},"library":"H5P.TextNImage 1.0","metadata":{"contentType":"Text and Image","license":"U","title":"Untitled Text and Image"},"subContentId":"06124fb6-e788-4aca-bbdd-f18ffd1c721d"},"useSeparator":"enabled"},{"content":{"params":{"text":"<h3><span><span><span>Where to find it<\/span><\/span><\/span><\/h3>\n\n<p><span><span><span>Because grey literature comes in so many different forms, it can also be found in a variety of different places.<\/span><\/span><\/span><\/p>\n"},"library":"H5P.AdvancedText 1.1","metadata":{"contentType":"Text","license":"U","title":"Untitled Text"},"subContentId":"6e0a14b0-f974-47d4-a38d-3a5247c086ce"},"useSeparator":"enabled"},{"content":{"params":{"cards":[{"content":{"params":{"text":"<p><span><span><span>Sometimes the quickest, easiest way to find documents and reports published on the internet is by using an internet search engine, like Google. Internet search engines are also a great place to find Indigenous knowledge and other diverse perspectives. Just remember that internet search engines often return a mix of reliable and unreliable information, so it\u2019s important to carefully evaluate the information you find.<\/span><\/span><\/span><\/p>\n"},"library":"H5P.AdvancedText 1.1","metadata":{"contentType":"Text","license":"U","title":"Untitled Text"},"subContentId":"0bf40787-9549-4ac0-b7db-05f82ac2c585"},"title":"Internet Search Engines"},{"content":{"params":{"text":"<p><span><span><span>Grey literature is often produced by agencies, organizations, or companies and made available to the public via the organization\u2019s website. Think about the type of information you\u2019re looking for and who is most likely to produce or distribute it, then try searching their website.<\/span><\/span><\/span><\/p>\n\n<p><span><span><span>For example, if you\u2019re looking for information on how medical devices are approved in Canada, the Health Canada website is a great place to search.<\/span><\/span><\/span><\/p>\n"},"library":"H5P.AdvancedText 1.1","metadata":{"contentType":"Text","license":"U","title":"Untitled Text"},"subContentId":"46259b30-b829-44d1-9371-9520f3b42451"},"title":"Organizational Websites"}]},"library":"H5P.Multicard 1.1","metadata":{"contentType":"Multicard","license":"U","title":"Untitled Multicard"},"subContentId":"4d214b2d-4063-4be7-8ca7-6c3a7b32e45e"},"useSeparator":"disabled"},{"content":{"params":{"text":"<h3><span><span><span>The Library<\/span><span> <\/span><\/span><\/span><\/h3>\n\n<p><span><span><span>Although most grey literature is typically not available through the library, there are some exceptions. For example, your library may provide access to collections of patents, standards, dissertations, or conference proceedings. Many institutions also maintain a repository where you can access theses, dissertations, and other works written by faculty and students. Finally, your institution\u2019s website is also an excellent place to find information about your program.<\/span><\/span><\/span><\/p>\n"},"library":"H5P.AdvancedText 1.1","metadata":{"contentType":"Text","license":"U","title":"Untitled Text"},"subContentId":"5b30794f-24c9-4e05-b4ea-996268edf006"},"useSeparator":"disabled"},{"content":{"params":{"sideToggle":true,"expandToggle":false,"content":{"params":{"text":"<h2><span><span><span>Google &amp; social media<\/span><\/span><\/span><\/h2>\n\n<p><span><span><span>Where do you start looking for information on a new topic?<\/span><\/span><\/span><\/p>\n\n<p><span><span><span>Most people start their search with the tools that are easiest to use or that are the most familiar to them. Often this leads them to places like Google, Wikipedia, or social media forums like Reddit, and that\u2019s ok! These sources are perfectly fine to consult, as long as you can identify what type of information you\u2019ve found and can evaluate its credibility.<\/span><\/span><\/span><\/p>\n"},"library":"H5P.AdvancedText 1.1","subContentId":"7e2b2ec5-8c47-465a-9892-8a8a5389ba47","metadata":{"contentType":"Text","license":"U","title":"Untitled Text"}},"iconToggle":true,"sideImage":{"path":"images\/sideImage-619baebab0deb.png","mime":"image\/png","copyright":{"license":"U"},"width":336,"height":335},"altText":"Icon of application icons representing Facebook, Instagram and TikTok"},"library":"H5P.TextNImage 1.0","metadata":{"contentType":"Text and Image","license":"U","title":"Untitled Text and Image"},"subContentId":"1f119ada-1184-4eea-81d5-2dfc5700e19d"},"useSeparator":"enabled"},{"content":{"params":{"cards":[{"content":{"params":{"text":"<p><span style=\"font-size:1.125em;\">Although internet search engines like Google can be an excellent source of reliable information (like grey literature) a Google search will also return a large amount of unreliable popular information. By learning to evaluate information effectively, you can avoid unreliable information sources and make the most of the valuable information Google has to offer.<\/span><\/p>\n"},"library":"H5P.AdvancedText 1.1","subContentId":"4dd823bf-37d3-4f94-b790-cc221813f485","metadata":{"contentType":"Text","license":"U","title":"Untitled Text"}},"title":"Google"},{"content":{"params":{"text":"<p><span style=\"font-size:1.125em;\">Unlike Google, Wikipedia and forums like Reddit tend to present limited overviews and specific perspectives on topics. Therefore, these sources are best used to get the general background information you need to get started searching for more comprehensive information.<\/span><\/p>\n"},"library":"H5P.AdvancedText 1.1","subContentId":"68cae9e5-8ada-4669-8659-478d5a70e356","metadata":{"contentType":"Text","license":"U","title":"Untitled Text"}},"title":"Wikipedia &amp; Reddit"}]},"library":"H5P.CardGrid 1.1","metadata":{"contentType":"Card Grid","license":"U","title":"Untitled Card Grid"},"subContentId":"1359250e-87cd-4df1-b389-620d1b1fce2e"},"useSeparator":"disabled"},{"content":{"params":{"sideToggle":false,"expandToggle":false,"content":{"params":{"text":"<h2><span><span><span>Library resources<\/span><\/span><\/span><\/h2>\n\n<p><span><span><span>Although it\u2019s possible to find valuable information freely available online, it is also common for academic information to be hidden behind expensive paywalls.<\/span><\/span><\/span><\/p>\n\n<p><span><span><span>While you\u2019re in school, you can gain access to many of these paid materials for free, through your university library. While you are working, your company may provide access to some of these resources, or you may be able to access them through your local public library.<\/span><\/span><\/span><\/p>\n"},"library":"H5P.AdvancedText 1.1","subContentId":"d9324c25-ce2d-422d-82f5-5013d00b112f","metadata":{"contentType":"Text","license":"U","title":"Untitled Text"}},"iconToggle":true,"sideImage":{"path":"images\/sideImage-619baf3663030.png","mime":"image\/png","copyright":{"license":"U"},"width":427,"height":418},"altText":"Icon of book inside house representing a library"},"library":"H5P.TextNImage 1.0","metadata":{"contentType":"Text and Image","license":"U","title":"Untitled Text and Image"},"subContentId":"510fb2fa-97bf-42a0-84a1-235715687f0b"},"useSeparator":"enabled"},{"content":{"params":{"sideToggle":true,"expandToggle":false,"content":{"params":{"text":"<h3><span><span><span>Peer-reviewed literature<\/span><\/span><\/span><\/h3>\n\n<p><span><span><span>In engineering, peer-reviewed literature is considered an especially reliable source of information. <\/span><\/span><\/span><\/p>\n\n<p><span><span><span>During the peer review process, engineering experts review an author\u2019s work, offering feedback and suggesting changes that will improve the work prior to publication.<\/span><\/span><\/span><\/p>\n\n<p><span><span><span>The review process is intended to produce higher quality research, and because of this, you may encounter instructors who prefer for you to use these sources when completing your assignments.<\/span><\/span><\/span><\/p>\n\n<p><span><span><span>Materials that are commonly peer reviewed include:<\/span><\/span><\/span><\/p>\n\n<ul>\n\t<li><span><span><span><span lang=\"EN-US\"><span>Most journal articles<\/span><\/span><\/span><\/span><\/span><\/li>\n\t<li><span><span><span><span lang=\"EN-US\"><span>Some books and textbooks<\/span><\/span><\/span><\/span><\/span><\/li>\n\t<li><span><span><span><span lang=\"EN-US\"><span>Some technical documents<\/span><\/span><\/span><\/span><\/span><\/li>\n\t<li><span><span><span><span lang=\"EN-US\"><span>Some conference proceedings<\/span><\/span><\/span><\/span><\/span><\/li>\n<\/ul>\n\n<p><span><span><span>Note: <\/span><span>Although journal articles are the most common form of peer-reviewed material, some journals do not require their articles to undergo peer review.<\/span><\/span><\/span><\/p>\n"},"library":"H5P.AdvancedText 1.1","subContentId":"54a26f0d-9fc7-47d1-9e70-a4f826a5c8f9","metadata":{"contentType":"Text","license":"U","title":"Untitled Text"}},"iconToggle":true,"sideImage":{"path":"images\/sideImage-619baf6b7fded.png","mime":"image\/png","copyright":{"license":"U"},"width":484,"height":492},"altText":"Icon of three people in a circle representing peer review"},"library":"H5P.TextNImage 1.0","metadata":{"contentType":"Text and Image","license":"U","title":"Untitled Text and Image"},"subContentId":"656ee23e-6a47-4b9b-a814-b52e181888e9"},"useSeparator":"enabled"},{"content":{"params":{"text":"<h3><span><span><span>Where to find it<\/span><\/span><\/span><\/h3>\n\n<p><span><span><span>The two main places you can find peer-reviewed articles are Google Scholar and your library\u2019s databases.<\/span><\/span><\/span><\/p>\n\n<p><strong><span><span><span>Google Scholar<\/span><\/span><\/span><\/strong><\/p>\n\n<p><span><span><span>Google Scholar allows you to search for scholarly information across multiple databases using a single search box. Journal articles in Google Scholar may or may not be peer-reviewed and may or may not be freely accessible. However, you can always link Google Scholar to your university library to access paywalled materials. To set this up, go to Google Scholar &gt; Settings &gt; Library Links.<\/span><\/span><\/span><\/p>\n\n<p><strong><span><span><span>Your Library<\/span><\/span><\/span><\/strong><\/p>\n\n<p><span><span><span>Your university\u2019s library subscribes to many different databases that specialize in engineering and related fields that you can use to access peer reviewed materials. Some even allow you to limit your search to show peer reviewed sources only.<\/span><\/span><\/span><\/p>\n\n<p><strong><span><span><span>Tip!<\/span><\/span><\/span><\/strong><\/p>\n\n<p><span><span><a><span>If you aren\u2019t sure which database to use or need help determining if a source you\u2019ve found has been peer-reviewed, ask a librarian for help!<\/span><\/a><\/span><\/span><\/p>\n"},"library":"H5P.AdvancedText 1.1","metadata":{"contentType":"Text","license":"U","title":"Untitled Text"},"subContentId":"828a3c3a-3830-4a82-96ed-a080635336ef"},"useSeparator":"enabled"},{"content":{"params":{"sideToggle":false,"expandToggle":false,"content":{"params":{"text":"<h3><span><span><span>Peer-review in different contexts<\/span><\/span><\/span><\/h3>\n\n<p><span><span><span>While you\u2019re in school, if your instructor asks you to use scholarly materials, they are most likely referring to peer-reviewed journal articles. <\/span><\/span><\/span><\/p>\n\n<p><span><span><span>In a professional context, however, peer-reviewed sources may include other materials that undergo expert review, such as:<\/span><\/span><\/span><\/p>\n\n<ul>\n\t<li><span><span><span><span lang=\"EN-US\"><span><strong>Product designs<\/strong> which often undergo a design review by experts <\/span><\/span><\/span><\/span><\/span><\/li>\n\t<li><span><span><span><span lang=\"EN-US\"><span><strong>Standards<\/strong> which go through multiple drafts and revisions by experts before being finalized<\/span><\/span><\/span><\/span><\/span><\/li>\n\t<li><span><span><span><span lang=\"EN-US\"><span><strong>Patents<\/strong> which are granted after applications go through expert examination<\/span><\/span><\/span><\/span><\/span><\/li>\n<\/ul>\n\n<p><span><span><span>As you move from an academic to a professional context, keep in mind that outside of school, peer-review is not limited to journal articles.<\/span><\/span><\/span><\/p>\n"},"library":"H5P.AdvancedText 1.1","subContentId":"53e55507-0667-45ea-93e3-14e96d040add","metadata":{"contentType":"Text","license":"U","title":"Untitled Text"}},"iconToggle":true,"sideImage":{"path":"images\/sideImage-619baf87cd3b8.png","mime":"image\/png","copyright":{"license":"U"},"width":361,"height":463},"altText":"Icon of a checklist on a clipboard"},"library":"H5P.TextNImage 1.0","metadata":{"contentType":"Text and Image","license":"U","title":"Untitled Text and Image"},"subContentId":"96224c62-1e12-47ad-a2ec-b446fdf16d3d"},"useSeparator":"enabled"},{"content":{"params":{"sideToggle":true,"expandToggle":false,"content":{"params":{"text":"<h3><span><span><span>Textbooks<\/span><\/span><\/span><\/h3>\n\n<p><span><span><span>You may be able to find physical or electronic textbooks through your university library, or you may have purchased the books yourself for current or past courses.<\/span><\/span><\/span><\/p>\n\n<p><span><span><span>Textbooks are a quick an easy source of foundational information, much like Wikipedia or Reddit, only the information found in textbooks tends to be more academic.<\/span><\/span><\/span><\/p>\n\n<p><span><span><span>If you are researching a new area and there are textbooks available on the topic, this is a great place to find the basic information you need to build knowledge on the topic.<\/span><\/span><\/span><\/p>\n\n<p><span><span><span>As you move forward in your academic and professional careers, your old textbooks will become important reference materials that you can easily refer to when you can\u2019t quite remember that equation, circuit, or definition you learned in school.<\/span><\/span><\/span><\/p>\n"},"library":"H5P.AdvancedText 1.1","subContentId":"797a1354-de4c-4612-ae6a-729240b00046","metadata":{"contentType":"Text","license":"U","title":"Untitled Text"}},"iconToggle":true,"sideImage":{"path":"images\/sideImage-619baf9683293.png","mime":"image\/png","copyright":{"license":"U"},"width":525,"height":378},"altText":"Icon of an open book"},"library":"H5P.TextNImage 1.0","metadata":{"contentType":"Text and Image","license":"U","title":"Untitled Text and Image"},"subContentId":"40801819-b0bd-4a7d-8b6f-493e35f7e73c"},"useSeparator":"enabled"},{"content":{"params":{"media":{"disableImageZooming":false},"answers":[{"correct":true,"tipsAndFeedback":{"tip":"","chosenFeedback":"","notChosenFeedback":""},"text":"<div>White papers<\/div>\n"},{"correct":true,"tipsAndFeedback":{"tip":"","chosenFeedback":"","notChosenFeedback":""},"text":"<div>Journal articles<\/div>\n"},{"correct":false,"tipsAndFeedback":{"tip":"","chosenFeedback":"","notChosenFeedback":""},"text":"<div>Textbooks<\/div>\n"},{"correct":true,"tipsAndFeedback":{"tip":"","chosenFeedback":"","notChosenFeedback":""},"text":"<div>Industry publications<\/div>\n"}],"overallFeedback":[{"from":0,"to":100}],"behaviour":{"enableRetry":false,"enableSolutionsButton":true,"enableCheckButton":true,"type":"auto","singlePoint":false,"randomAnswers":false,"showSolutionsRequiresInput":true,"confirmCheckDialog":false,"confirmRetryDialog":false,"autoCheck":false,"passPercentage":100,"showScorePoints":true},"UI":{"checkAnswerButton":"Check","showSolutionButton":"Show solution","tryAgainButton":"Retry","tipsLabel":"Show tip","scoreBarLabel":"You got :num out of :total points","tipAvailable":"Tip available","feedbackAvailable":"Feedback available","readFeedback":"Read feedback","wrongAnswer":"Wrong answer","correctAnswer":"Correct answer","shouldCheck":"Should have been checked","shouldNotCheck":"Should not have been checked","noInput":"Please answer before viewing the solution","a11yCheck":"Check the answers. The responses will be marked as correct, incorrect, or unanswered.","a11yShowSolution":"Show the solution. The task will be marked with its correct solution.","a11yRetry":"Retry the task. Reset all responses and start the task over again."},"confirmCheck":{"header":"Finish ?","body":"Are you sure you wish to finish ?","cancelLabel":"Cancel","confirmLabel":"Finish"},"confirmRetry":{"header":"Retry ?","body":"Are you sure you wish to retry ?","cancelLabel":"Cancel","confirmLabel":"Confirm"},"question":"<p>What types of engineering information can be found using an internet search engine like Google or Google Scholar? Select all that apply.<\/p>\n"},"library":"H5P.MultiChoice 1.14","metadata":{"contentType":"Multiple Choice","license":"U","title":"Check your understanding"},"subContentId":"ed6345f5-92af-4429-9600-2b56e62550bc"},"useSeparator":"enabled"},{"content":{"params":{"text":"<h3><span><span><span>Standards &amp; patents<\/span><\/span><\/span><\/h3>\n"},"library":"H5P.AdvancedText 1.1","metadata":{"contentType":"Text","license":"U","title":"Untitled Text"},"subContentId":"d467e32b-059d-4293-9f6f-84ac17732e94"},"useSeparator":"enabled"},{"content":{"params":{"cards":[{"content":{"params":{"text":"<p><span><span><span>A standard is a document that outlines guidelines or recommendations for things like product characteristics, design, performance, and management objectives (<\/span><a href=\"https:\/\/www.scc.ca\/standards\/what-are-standards\"><span>Standards Council of Canada<\/span><\/a><span>).<\/span><\/span><\/span><\/p>\n\n<p><span><span><span>Standards are also sometimes referred to as:<\/span><\/span><\/span><\/p>\n\n<ul>\n\t<li><span><span><span><span lang=\"EN-US\"><span>Codes (especially building and construction standards)<\/span><\/span><\/span><\/span><\/span><\/li>\n\t<li><span><span><span><span lang=\"EN-US\"><span>Recommended Practices<\/span><\/span><\/span><\/span><\/span><\/li>\n\t<li><span><span><span><span lang=\"EN-US\"><span>Military Specifications<\/span><\/span><\/span><\/span><\/span><\/li>\n<\/ul>\n\n<p><span><span><span>Some examples of standards include:<\/span><\/span><\/span><\/p>\n\n<ul>\n\t<li><span><span><span><span lang=\"EN-US\"><span>ISO<\/span><\/span><\/span><\/span><\/span><\/li>\n\t<li><span><span><span><span lang=\"EN-US\"><span>CSA<\/span><\/span><\/span><\/span><\/span><\/li>\n\t<li><span><span><span><span lang=\"EN-US\"><span>IEEE<\/span><\/span><\/span><\/span><\/span><\/li>\n<\/ul>\n\n<p><span><span><span>Standards are typically owned by the organization that created them and as a result, they are rarely freely available online. Luckily, many university libraries have subscriptions to different standards packages and librarians that can help you find the standards you need.<\/span><\/span><\/span><\/p>\n"},"library":"H5P.AdvancedText 1.1","metadata":{"contentType":"Text","license":"U","title":"Untitled Text"},"subContentId":"942532ef-f06f-430b-bc57-1580843e96e1"},"title":"Standards"},{"content":{"params":{"text":"<p><span><span><span>A patent is a legal document designed to protect the intellectual property (ideas or designs) of an inventor or patent holder. Patent documents include information regarding who owns the rights to the invention, technical descriptions and drawings, and other claims. <\/span><\/span><\/span><\/p>\n\n<p><span><span><span>Unlike standards, patents are made freely available online, usually through the intellectual property office of the invention\u2019s country of origin. However, searching for a specific patent can be very difficult. Your university library may subscribe to specialized databases that make patent searching easier and\/or offer guides or information sessions on how to search patents. Reach out to a librarian if you need help.<\/span><\/span><\/span><\/p>\n\n<p><span><span><span>For more information on Canadian patents, check out the <\/span><a href=\"https:\/\/www.ic.gc.ca\/eic\/site\/cipointernet-internetopic.nsf\/eng\/wr03716.html#Section4\"><span>Canadian Intellectual Property Office<\/span><\/a><span>. <\/span><\/span><\/span><\/p>\n"},"library":"H5P.AdvancedText 1.1","metadata":{"contentType":"Text","license":"U","title":"Untitled Text"},"subContentId":"398d0a63-f2fa-4b90-a004-5710d81cd35e"},"title":"Patents"}]},"library":"H5P.Multicard 1.1","metadata":{"contentType":"Multicard","license":"U","title":"Untitled Multicard"},"subContentId":"7461b04e-fe62-4f18-b381-65c5e8bb680c"},"useSeparator":"disabled"}]},"library":"H5P.ColumnCustom 1.0","subContentId":"624cf670-5d6e-4f2d-8f71-b0e35160389d","metadata":{"contentType":"ColumnCustom","license":"U","title":"Finding Engineering Information"}},{"params":{"content":[{"content":{"params":{"text":"<h2><span><span><span>Being critical of information<\/span><\/span><\/span><\/h2>\n\n<p><span><span><span>In engineering, being critical of information is especially important, as many oversight failures are grounded in information gaps or promoting inaccurate information.<\/span><\/span><\/span><\/p>\n\n<p><span><span><span>Being critical of information does not mean you\u2019re being negative toward it; it means you are thoughtfully examining it to see if and how it can be helpful to you. Therefore, being critical of information is an essential part of information evaluation.<\/span><\/span><\/span><\/p>\n\n<p><span><span><span>As you practice being critical of information it will become something that you do automatically, but like any skillset, this takes practice. The more you practice these skills as students, the easier this will be when you begin your professional careers.<\/span><\/span><\/span><\/p>\n"},"library":"H5P.AdvancedText 1.1","metadata":{"contentType":"Text","license":"U","title":"Untitled Text"},"subContentId":"13fc219b-8543-4df2-a51b-83116c6b8d3d"},"useSeparator":"auto"},{"content":{"params":{"resizeSupported":true,"source":"https:\/\/anthonymricci.com\/h5p\/pdfs\/mod3.pdf"},"library":"H5P.IFrameEmbed 1.0","metadata":{"contentType":"Iframe Embedder","license":"U","title":"Untitled Iframe Embedder"},"subContentId":"caeb2722-318b-4b2c-a427-c577af1cf3b0"},"useSeparator":"enabled"},{"content":{"params":{"uploadedFile":{"path":"files\/uploadedFile-61b8d0385d4a6.pdf","mime":"application\/pdf","copyright":{"license":"U"}},"fileName":"Critical Evaluation of Information"},"library":"H5P.FileDownload 1.0","metadata":{"contentType":"File Download","license":"U","title":"Untitled File Download"},"subContentId":"8807e929-dc2b-427f-8203-b20bdc478269"},"useSeparator":"disabled"},{"content":{"params":{"sideToggle":true,"expandToggle":false,"content":{"params":{"text":"<h3><span><span><span>Evaluation methods<\/span><\/span><\/span><\/h3>\n\n<p><span><span><span>Evaluative frameworks are designed to remind you which characteristics you should be paying attention to when evaluating information. These methods also provide guiding questions that will help you through each stage of the evaluation. <\/span><\/span><\/span><\/p>\n\n<p><span><span><span>There are multiple evaluative frameworks that you can use to critically evaluate information. In this module, we will outline RADAR and CRAAP, but feel free to choose whichever method makes the most sense to you and is the easiest for you to remember.<\/span><\/span><\/span><\/p>\n"},"library":"H5P.AdvancedText 1.1","subContentId":"77b82b5f-562e-4ab5-9ca2-2a836eec0092","metadata":{"contentType":"Text","license":"U","title":"Untitled Text"}},"iconToggle":true,"sideImage":{"path":"images\/sideImage-619bbc95cb48e.png","mime":"image\/png","copyright":{"license":"U"},"width":482,"height":486},"altText":"Icon of test paper and pencil"},"library":"H5P.TextNImage 1.0","metadata":{"contentType":"Text and Image","license":"U","title":"Untitled Text and Image"},"subContentId":"9b36aba6-2272-4cd5-a724-1b58e49a4a70"},"useSeparator":"enabled"},{"content":{"params":{"text":"<h3><span><span><span>RADAR<\/span><\/span><\/span><\/h3>\n\n<p><span><span><span><span>The RADAR framework outlines 5 criteria to consider when evaluating a source, one for each letter in RADAR.<\/span><\/span><\/span><\/span><\/p>\n\n<p><strong><span><span><span><span>The 5 RADAR criteria are:<\/span><\/span><\/span><\/span><\/strong><\/p>\n\n<p><span><span><span><span><strong>R<\/strong>elevance<\/span><\/span><\/span><\/span><\/p>\n\n<p><span><span><span><span><strong>A<\/strong>uthority<\/span><\/span><\/span><\/span><\/p>\n\n<p><span><span><span><span><strong>D<\/strong>ate<\/span><\/span><\/span><\/span><\/p>\n\n<p><span><span><span><span><strong>A<\/strong>ppearance &amp; Accuracy<\/span><\/span><\/span><\/span><\/p>\n\n<p><span><span><span><strong>R<\/strong>eason<\/span><\/span><\/span><\/p>\n"},"library":"H5P.AdvancedText 1.1","metadata":{"contentType":"Text","license":"U","title":"Untitled Text"},"subContentId":"4d2ac5cf-c92b-43c2-a360-f8ccaeab2de8"},"useSeparator":"enabled"},{"content":{"params":{"cards":[{"content":{"params":{"content":[{"content":{"params":{"text":"<p><span><span><span><span>An appropriate information source should be <strong>relevant to your research<\/strong>. Take the time to make sure the information you use is meaningfully related to the work you\u2019re doing, instead of just trying to make what you have found fit.<\/span><\/span><\/span><\/span><\/p>\n"},"library":"H5P.AdvancedText 1.1","metadata":{"contentType":"Text","license":"U","title":"Untitled Text"},"subContentId":"7be72e4d-e9de-4c77-bf85-8df3bf90c8b1"},"useSeparator":"auto"},{"content":{"params":{"cards":[{"content":{"params":{"text":"<ul>\n\t<li><span style=\"font-size:1.125em;\"><span lang=\"EN-US\">Why was this information created\/published?<\/span><\/span><\/li>\n\t<li><span style=\"font-size:1.125em;\"><span lang=\"EN-US\">Who is the intended audience?<\/span><\/span><\/li>\n\t<li><span style=\"font-size:1.125em;\"><span lang=\"EN-US\">How is this information related to the task at hand?<\/span><\/span><\/li>\n\t<li><span style=\"font-size:1.125em;\"><span lang=\"EN-US\">How does this information help me accomplish my goals and\/or answer my research question?<\/span><\/span><\/li>\n<\/ul>\n"},"library":"H5P.AdvancedText 1.1","subContentId":"88e1f546-f9ee-47a7-9340-ddb4c5ff679f","metadata":{"contentType":"Text","license":"U","title":"Untitled Text"}},"title":"Guiding Questions:"}]},"library":"H5P.CardGrid 1.1","metadata":{"contentType":"Card Grid","license":"U","title":"Untitled Card Grid"},"subContentId":"9fbcb58c-1c88-4c47-a9eb-4cfd5040dc4e"},"useSeparator":"auto"},{"content":{"params":{"text":"<p><span><span><span><span>While you\u2019re considering the relevance of a source, you should also be considering the other criteria in the RADAR framework at the same time. Afterall, highly relevant sources can still contain unreliable, biased, or dated information.<\/span><\/span><\/span><\/span><\/p>\n"},"library":"H5P.AdvancedText 1.1","metadata":{"contentType":"Text","license":"U","title":"Untitled Text"},"subContentId":"1104d3b2-d1a4-453d-b7a8-c1a7392fd0e2"},"useSeparator":"auto"}]},"library":"H5P.ColumnCustom 1.0","metadata":{"contentType":"ColumnCustom","license":"U","title":"Untitled ColumnCustom"},"subContentId":"060e8bf0-9999-4280-812a-d0add2770e2e"},"title":"Relevance"},{"content":{"params":{"content":[{"content":{"params":{"text":"<p><span><span><span><span>The information source you choose should be written by a credible author. One way to judge an author\u2019s credibility is to think about what <strong>authority,<\/strong> expertise, or experience they have with a topic. <\/span><\/span><\/span><\/span><\/p>\n\n<p><span><span><span><span>In engineering, \u201cexperts\u201d may be scholars, professional engineers (P.Eng), people working in industry, or others with meaningful experience working with a topic. Just remember that expertise in one field does not automatically make that person an expert in other fields as well.<\/span><\/span><\/span><\/span><\/p>\n\n<p><span><span>As you\u2019re thinking through the following guiding questions, consider the type of information you\u2019re using, the assignment you\u2019re using it for, and your instructor\u2019s expectations. <\/span><\/span><\/p>\n"},"library":"H5P.AdvancedText 1.1","metadata":{"contentType":"Text","license":"U","title":"Untitled Text"},"subContentId":"59d87129-60c4-4ff6-92cd-9eaf88364711"},"useSeparator":"auto"},{"content":{"params":{"cards":[{"content":{"params":{"text":"<ul>\n\t<li><span style=\"font-size:1.125em;\"><span lang=\"EN-US\">Who created the information? Was it one person or many people? Was it a government, corporation, or non-profit?<\/span><\/span><\/li>\n\t<li><span style=\"font-size:1.125em;\"><span lang=\"EN-US\">What is the reputation of this author? Do they do work in this field often? Who are they affiliated with?<\/span><\/span><\/li>\n\t<li><span style=\"font-size:1.125em;\"><span lang=\"EN-US\">Have they cited the important works on this topic?<\/span><\/span><\/li>\n\t<li><span style=\"font-size:1.125em;\"><span lang=\"EN-US\">Have other people cited this work or author? What did they say about it?<\/span><\/span><\/li>\n\t<li><span style=\"font-size:1.125em;\">Does the author(s) have a P.Eng, degree, or other qualification related to this information?<\/span><\/li>\n<\/ul>\n"},"library":"H5P.AdvancedText 1.1","subContentId":"84e203be-7c60-46ca-be3e-e7ae8979ad2e","metadata":{"contentType":"Text","license":"U","title":"Untitled Text"}},"title":"Guiding Questions:"}]},"library":"H5P.CardGrid 1.1","metadata":{"contentType":"Card Grid","license":"U","title":"Untitled Card Grid"},"subContentId":"a29acd3a-43cb-4b95-8754-88c358142750"},"useSeparator":"auto"}]},"library":"H5P.ColumnCustom 1.0","metadata":{"contentType":"ColumnCustom","license":"U","title":"Untitled ColumnCustom"},"subContentId":"01fbda9c-0a3e-42ac-a4c3-d4ec7b4c5b6f"},"title":"Authority"},{"content":{"params":{"content":[{"content":{"params":{"text":"<p><span><span><span><span>Information can quickly become outdated and obsolete. Therefore, it is important to note the date or currency of a source to make sure you aren\u2019t supporting your arguments with facts that have been superseded by new research or recent events.<\/span><\/span><\/span><\/span><\/p>\n\n<p><span><span><span><span><strong>Note:<\/strong><span> <\/span>Not all assignments or disciplines require the most current information. Older materials can show the origins of a theory, idea, or discovery and be useful for historical research.<\/span><\/span><\/span><\/span><\/p>\n"},"library":"H5P.AdvancedText 1.1","metadata":{"contentType":"Text","license":"U","title":"Untitled Text"},"subContentId":"12b19655-b26f-4f5d-98d8-246be74e7c42"},"useSeparator":"auto"},{"content":{"params":{"cards":[{"content":{"params":{"text":"<ul>\n\t<li><span style=\"font-size:1.125em;\"><span lang=\"EN-US\">When was the information created or last updated?<\/span><\/span><\/li>\n\t<li><span style=\"font-size:1.125em;\"><span lang=\"EN-US\">Is currency important to this question, project, or context?<\/span><\/span><\/li>\n\t<li><span style=\"font-size:1.125em;\"><span lang=\"EN-US\">Could this information be outdated or superseded by something more recent?<\/span><\/span><\/li>\n\t<li><span style=\"font-size:1.125em;\"><span lang=\"EN-US\">Is this a landmark piece of work that is well known in engineering?<\/span><\/span><\/li>\n\t<li><span style=\"font-size:1.125em;\">Could this work be useful for historical context or comparison?<\/span><\/li>\n<\/ul>\n"},"library":"H5P.AdvancedText 1.1","subContentId":"72a8e783-4611-4e96-a1c1-20f6190087cc","metadata":{"contentType":"Text","license":"U","title":"Untitled Text"}},"title":"Guiding Questions:"}]},"library":"H5P.CardGrid 1.1","metadata":{"contentType":"Card Grid","license":"U","title":"Untitled Card Grid"},"subContentId":"70378d0a-c57e-4bfe-8886-09e453c33dd9"},"useSeparator":"auto"}]},"library":"H5P.ColumnCustom 1.0","metadata":{"contentType":"ColumnCustom","license":"U","title":"Untitled ColumnCustom"},"subContentId":"3dd3d3b1-19e9-49bf-8308-fea3b554bd2c"},"title":"Date"},{"content":{"params":{"content":[{"content":{"params":{"text":"<p><span><span><span><span>The <strong>appearance<\/strong> of a source can help you identify what type of source it is and can give you clues about its context.<\/span><\/span><\/span><\/span><\/p>\n\n<p><span><span><span><span>The <strong>accuracy<\/strong> of a source is important because errors and false information will lead you in the wrong direction and could distort your reasoning. Presenting inaccurate information undermines your own credibility.<\/span><\/span><\/span><\/span><\/p>\n"},"library":"H5P.AdvancedText 1.1","metadata":{"contentType":"Text","license":"U","title":"Untitled Text"},"subContentId":"13ba9df6-a832-4a4e-9313-8ceb971d5ac7"},"useSeparator":"auto"},{"content":{"params":{"cards":[{"content":{"params":{"text":"<ul>\n\t<li><span style=\"font-size:1.125em;\"><span lang=\"EN-US\">Is the information presented professionally and\/or academically?<\/span><\/span><\/li>\n\t<li><span style=\"font-size:1.125em;\"><span lang=\"EN-US\">Are there clear editing errors such as spelling, grammar, or typos?<\/span><\/span><\/li>\n\t<li><span style=\"font-size:1.125em;\"><span lang=\"EN-US\">Does the author use outside sources to strengthen claims? Are the outside sources reliable?<\/span><\/span><\/li>\n\t<li><span style=\"font-size:1.125em;\"><span lang=\"EN-US\">Does the presentation of the information follow the appropriate scholarly or professional formats?<\/span><\/span><\/li>\n\t<li><span style=\"font-size:1.125em;\">Has the information been peer-reviewed?<\/span><\/li>\n<\/ul>\n"},"library":"H5P.AdvancedText 1.1","subContentId":"99caa5ca-0d7b-44af-88fb-656514936e9f","metadata":{"contentType":"Text","license":"U","title":"Untitled Text"}},"title":"Guiding Questions:"}]},"library":"H5P.CardGrid 1.1","metadata":{"contentType":"Card Grid","license":"U","title":"Untitled Card Grid"},"subContentId":"ca767372-83aa-4428-b426-db8e9c931098"},"useSeparator":"auto"}]},"library":"H5P.ColumnCustom 1.0","metadata":{"contentType":"ColumnCustom","license":"U","title":"Untitled ColumnCustom"},"subContentId":"4c0c7e57-74d7-4c6f-a5e2-33034fb1448c"},"title":"Appearance &amp; Accuracy"},{"content":{"params":{"content":[{"content":{"params":{"text":"<p><span><span><span><span>The <strong>reason<\/strong> a source was created is important to consider because all information is created to serve a purpose. That purpose might be to educate, entertain, or to sell a product or point of view. Being aware of the reason a source was created may help you identify sources that provide inaccurate, false, or biased information.<\/span><\/span><\/span><\/span><\/p>\n\n<p><span><span><span><span>Different points of view can still be valid, as long as they are based on good reasoning and careful use of evidence.<\/span><\/span><\/span><\/span><\/p>\n"},"library":"H5P.AdvancedText 1.1","metadata":{"contentType":"Text","license":"U","title":"Untitled Text"},"subContentId":"793ad8fe-c08c-456f-a434-8eb213c040dd"},"useSeparator":"auto"},{"content":{"params":{"cards":[{"content":{"params":{"text":"<ul>\n\t<li><span style=\"font-size:1.125em;\"><span lang=\"EN-US\">Why has the information been made available? To inform, sell, educate, entertain, or convince?<\/span><\/span><\/li>\n\t<li><span style=\"font-size:1.125em;\"><span lang=\"EN-US\">How has the information been presented? A book, an academic journal, a popular magazine, a website or a trade periodical?<\/span><\/span><\/li>\n\t<li><span style=\"font-size:1.125em;\"><span lang=\"EN-US\">What type of information is this? Is it new research or an experiment? A standard or specification? A technical report? Marketing information or a press release?&nbsp; <\/span><\/span><\/li>\n\t<li><span style=\"font-size:1.125em;\"><span lang=\"EN-US\">Who has funded the research or produced the information? Is it proprietary information? Is this stated?<\/span><\/span><\/li>\n\t<li><span style=\"font-size:1.125em;\"><span lang=\"EN-US\">Has the information been written with an objective, impartial point of view? How is it biased?<\/span><\/span><\/li>\n\t<li><span style=\"font-size:1.125em;\"><span lang=\"EN-US\">If it\u2019s a research paper, has the author described their methodology and data? Is it appropriate?<\/span><\/span><\/li>\n<\/ul>\n"},"library":"H5P.AdvancedText 1.1","subContentId":"4f2b3bd4-4efb-4da1-86de-6c6db2c6a613","metadata":{"contentType":"Text","license":"U","title":"Untitled Text"}},"title":"Guiding Questions:"}]},"library":"H5P.CardGrid 1.1","metadata":{"contentType":"Card Grid","license":"U","title":"Untitled Card Grid"},"subContentId":"f4b4abd0-8aef-422f-826b-d15bfb2415c6"},"useSeparator":"auto"}]},"library":"H5P.ColumnCustom 1.0","metadata":{"contentType":"ColumnCustom","license":"U","title":"Untitled ColumnCustom"},"subContentId":"e1d32356-e009-4cae-8042-490db3fef9bc"},"title":"Reason"}]},"library":"H5P.Multicard 1.1","metadata":{"contentType":"Multicard","license":"U","title":"Untitled Multicard"},"subContentId":"249b0ac8-b10b-4c9b-ae1b-143731821498"},"useSeparator":"auto"},{"content":{"params":{"text":"<p><span><span>Adapted from Mandalios (2013).<\/span><\/span><\/p>\n"},"library":"H5P.AdvancedText 1.1","metadata":{"contentType":"Text","license":"U","title":"Untitled Text"},"subContentId":"918f1f9e-9c93-4afb-9602-a230de3b62a4"},"useSeparator":"auto"},{"content":{"params":{"text":"<h3><span><span><span>CRAAP<\/span><\/span><\/span><\/h3>\n\n<p><span><span><span>The CRAAP test covers many of the same criteria as RADAR using slightly different terminology, to create a new acronym.<\/span><\/span><\/span><\/p>\n\n<p><strong><span><span><span>The 5 CRAAP Criteria are:<\/span><\/span><\/span><\/strong><\/p>\n\n<p><span><span><span><strong>C<\/strong>urrency<\/span><\/span><\/span><\/p>\n\n<p><span><span><span><strong>R<\/strong>elevance<\/span><\/span><\/span><\/p>\n\n<p><span><span><span><strong>A<\/strong>uthority<\/span><\/span><\/span><\/p>\n\n<p><span><span><span><strong>A<\/strong>ccuracy<\/span><\/span><\/span><\/p>\n\n<p><span><span><strong>P<\/strong>urpose<\/span><\/span><\/p>\n"},"library":"H5P.AdvancedText 1.1","metadata":{"contentType":"Text","license":"U","title":"Untitled Text"},"subContentId":"ffe00c2a-084b-4439-8e4e-985ca363e9ef"},"useSeparator":"auto"},{"content":{"params":{"cards":[{"content":{"params":{"content":[{"content":{"params":{"text":"<p><span><span><span>Considering how current a source is can help you avoid using outdated information. This corresponds to \u201cdate\u201d in RADAR.<\/span><\/span><\/span><\/p>\n"},"library":"H5P.AdvancedText 1.1","metadata":{"contentType":"Text","license":"U","title":"Untitled Text"},"subContentId":"22f009e0-7dc5-45ad-98c4-8bb9829fb2cf"},"useSeparator":"auto"},{"content":{"params":{"cards":[{"content":{"params":{"text":"<ul>\n\t<li><span style=\"font-size:1.125em;\"><span lang=\"EN-US\">When was the information published or posted?<\/span><\/span><\/li>\n\t<li><span style=\"font-size:1.125em;\"><span lang=\"EN-US\">Has the information been revised or updated?<\/span><\/span><\/li>\n\t<li><span style=\"font-size:1.125em;\"><span lang=\"EN-US\">Does your topic\/assignment\/project require current information, or will older sources be useful as well?<\/span><\/span><\/li>\n\t<li><span style=\"font-size:1.125em;\"><span lang=\"EN-US\">If it\u2019s an electronic source, are the links still functional?<\/span><\/span><\/li>\n<\/ul>\n"},"library":"H5P.AdvancedText 1.1","subContentId":"1245e568-9c18-4897-8616-275fd2b51514","metadata":{"contentType":"Text","license":"U","title":"Untitled Text"}},"title":"Guiding Questions:"}]},"library":"H5P.CardGrid 1.1","metadata":{"contentType":"Card Grid","license":"U","title":"Untitled Card Grid"},"subContentId":"ebd8560a-476d-4bd9-a539-57ca22474bd5"},"useSeparator":"auto"}]},"library":"H5P.ColumnCustom 1.0","metadata":{"contentType":"ColumnCustom","license":"U","title":"Untitled ColumnCustom"},"subContentId":"9d0460a3-afdb-4660-9a53-20f84730d8e1"},"title":"Currency"},{"content":{"params":{"content":[{"content":{"params":{"text":"<p><span><span><span>It is important to ensure the information you\u2019ve found fits your needs or is relevant to your research.<\/span><\/span><\/span><\/p>\n"},"library":"H5P.AdvancedText 1.1","metadata":{"contentType":"Text","license":"U","title":"Untitled Text"},"subContentId":"ceaa0613-ee42-4bbb-8677-8b0d539bd2dc"},"useSeparator":"auto"},{"content":{"params":{"cards":[{"content":{"params":{"text":"<ul>\n\t<li><span style=\"font-size:1.125em;\"><span lang=\"EN-US\">Does the information relate to your topic or answer your question?<\/span><\/span><\/li>\n\t<li><span style=\"font-size:1.125em;\"><span lang=\"EN-US\">Who is the intended audience?<\/span><\/span><\/li>\n\t<li><span style=\"font-size:1.125em;\"><span lang=\"EN-US\">Is it at the appropriate level for your needs (not too simple or too advanced)?<\/span><\/span><\/li>\n\t<li><span style=\"font-size:1.125em;\"><span lang=\"EN-US\">Have you consulted other sources before choosing this one?<\/span><\/span><\/li>\n<\/ul>\n"},"library":"H5P.AdvancedText 1.1","subContentId":"e098ee57-1281-4bea-a7c9-e0f73f4835af","metadata":{"contentType":"Text","license":"U","title":"Untitled Text"}},"title":"Guiding Questions:"}]},"library":"H5P.CardGrid 1.1","metadata":{"contentType":"Card Grid","license":"U","title":"Untitled Card Grid"},"subContentId":"908c21bd-db66-4830-8e2c-dcbfb932d062"},"useSeparator":"auto"}]},"library":"H5P.ColumnCustom 1.0","metadata":{"contentType":"ColumnCustom","license":"U","title":"Untitled ColumnCustom"},"subContentId":"46e6d73c-1bbe-4866-ab93-d0211abc9c5e"},"title":"Relevance"},{"content":{"params":{"content":[{"content":{"params":{"text":"<p><span><span><span>The author of the information should have expertise in the area or experience working with the topic, concept, or practice being described.<\/span><\/span><\/span><\/p>\n"},"library":"H5P.AdvancedText 1.1","metadata":{"contentType":"Text","license":"U","title":"Untitled Text"},"subContentId":"98451424-4e5d-4aeb-80b5-c3f3435c5234"},"useSeparator":"auto"},{"content":{"params":{"cards":[{"content":{"params":{"text":"<ul>\n\t<li><span style=\"font-size:1.125em;\"><span lang=\"EN-US\">Who is the author, publisher, source, or sponsor?<\/span><\/span><\/li>\n\t<li><span style=\"font-size:1.125em;\"><span lang=\"EN-US\">What are the author\u2019s credentials, organizational affiliations, or other qualifications for writing on this topic?<\/span><\/span><\/li>\n\t<li><span style=\"font-size:1.125em;\"><span lang=\"EN-US\">Is there contact information available, like a publisher or email address?<\/span><\/span><\/li>\n\t<li><span style=\"font-size:1.125em;\"><span lang=\"EN-US\">Does the URL reveal anything about the author or source? For example, in the United States, .edu is used by educational organizations and .gov is used by government organizations.<br>\n\tNote: Canadian educational and government organizations do not follow this convention.<\/span><\/span><\/li>\n<\/ul>\n"},"library":"H5P.AdvancedText 1.1","subContentId":"fd53623e-5bb6-4114-88a9-201c41d4fc0b","metadata":{"contentType":"Text","license":"U","title":"Untitled Text"}},"title":"Guiding Questions:"}]},"library":"H5P.CardGrid 1.1","metadata":{"contentType":"Card Grid","license":"U","title":"Untitled Card Grid"},"subContentId":"e49c8630-d685-487b-8b0d-905e3e054363"},"useSeparator":"auto"}]},"library":"H5P.ColumnCustom 1.0","metadata":{"contentType":"ColumnCustom","license":"U","title":"Untitled ColumnCustom"},"subContentId":"58bd341f-2f0f-4c9c-8d8d-e7418d5e4392"},"title":"Authority"},{"content":{"params":{"content":[{"content":{"params":{"text":"<p><span><span><span>You should also be thinking about how <strong>reliable, truthful,<\/strong> and <strong>correct<\/strong> the information seems. In the RADAR section, we learned that one way to assess this is by paying attention to the appearance of the source.<\/span><\/span><\/span><\/p>\n"},"library":"H5P.AdvancedText 1.1","metadata":{"contentType":"Text","license":"U","title":"Untitled Text"},"subContentId":"d3b62932-7a87-4a0a-830f-57d815edea97"},"useSeparator":"auto"},{"content":{"params":{"cards":[{"content":{"params":{"text":"<ul>\n\t<li><span style=\"font-size:1.125em;\"><span lang=\"EN-US\">Where does this information come from? Who produced it?<\/span><\/span><\/li>\n\t<li><span style=\"font-size:1.125em;\"><span lang=\"EN-US\">Is the information supported by evidence? Are other sources referenced?<\/span><\/span><\/li>\n\t<li><span style=\"font-size:1.125em;\"><span lang=\"EN-US\">Has the information been reviewed by other experts?<\/span><\/span><\/li>\n\t<li><span style=\"font-size:1.125em;\"><span lang=\"EN-US\">Can you verify any of the information with other sources?<\/span><\/span><\/li>\n\t<li><span style=\"font-size:1.125em;\"><span lang=\"EN-US\">Does the language or tone used seem objective?<\/span><\/span><\/li>\n\t<li><span style=\"font-size:1.125em;\"><span lang=\"EN-US\">Are there spelling, grammar, or typographical errors?<\/span><\/span><\/li>\n<\/ul>\n"},"library":"H5P.AdvancedText 1.1","subContentId":"354ce27f-af9d-4c8d-b523-66ebff9085dd","metadata":{"contentType":"Text","license":"U","title":"Untitled Text"}},"title":"Guiding Questions:"}]},"library":"H5P.CardGrid 1.1","metadata":{"contentType":"Card Grid","license":"U","title":"Untitled Card Grid"},"subContentId":"fee735a7-efd6-4699-8819-fe598462fffd"},"useSeparator":"auto"}]},"library":"H5P.ColumnCustom 1.0","metadata":{"contentType":"ColumnCustom","license":"U","title":"Untitled ColumnCustom"},"subContentId":"8c7d8445-127b-4d7c-8aa5-565c826dceab"},"title":"Accuracy"},{"content":{"params":{"content":[{"content":{"params":{"text":"<p><span><span><span>Thinking about the reason the information exists can help alert you to its possible biases. This corresponds to \u201creason\u201d in RADAR.<\/span><\/span><\/span><\/p>\n"},"library":"H5P.AdvancedText 1.1","metadata":{"contentType":"Text","license":"U","title":"Untitled Text"},"subContentId":"5d6f64e8-b9c1-4e0a-94c6-e379e5c73ebc"},"useSeparator":"auto"},{"content":{"params":{"cards":[{"content":{"params":{"text":"<ul>\n\t<li><span style=\"font-size:1.125em;\"><span lang=\"EN-US\">Is the purpose of the information to teach, sell, entertain, or persuade?<\/span><\/span><\/li>\n\t<li><span style=\"font-size:1.125em;\"><span lang=\"EN-US\">Do the authors or sponsors make their intentions or purpose clear?<\/span><\/span><\/li>\n\t<li><span style=\"font-size:1.125em;\"><span lang=\"EN-US\">Does the information appear to be fact, opinion, or propaganda?<\/span><\/span><\/li>\n\t<li><span style=\"font-size:1.125em;\"><span lang=\"EN-US\">Is it written in an objective or impartial tone? <\/span><\/span><\/li>\n\t<li><span style=\"font-size:1.125em;\"><span lang=\"EN-US\">How might this information be biased?<\/span><\/span><\/li>\n<\/ul>\n"},"library":"H5P.AdvancedText 1.1","subContentId":"696f347b-5d2e-428c-a284-8d399b245bc1","metadata":{"contentType":"Text","license":"U","title":"Untitled Text"}},"title":"Guiding Questions:"}]},"library":"H5P.CardGrid 1.1","metadata":{"contentType":"Card Grid","license":"U","title":"Untitled Card Grid"},"subContentId":"09d6c0ee-617a-4c76-9f23-e98379724ee8"},"useSeparator":"auto"}]},"library":"H5P.ColumnCustom 1.0","metadata":{"contentType":"ColumnCustom","license":"U","title":"Untitled ColumnCustom"},"subContentId":"c84d49b0-328f-4723-b4ba-f5a5f500cb59"},"title":"Purpose"}]},"library":"H5P.Multicard 1.1","metadata":{"contentType":"Multicard","license":"U","title":"Untitled Multicard"},"subContentId":"1d006c2a-b572-4fd2-8bf7-bcad1a7852a0"},"useSeparator":"auto"},{"content":{"params":{"text":"<p><span><span>Adapted from Meriam Library (n.d.).<\/span><\/span><\/p>\n"},"library":"H5P.AdvancedText 1.1","metadata":{"contentType":"Text","license":"U","title":"Untitled Text"},"subContentId":"c2b71263-5f6c-4044-90ff-961eeb2805fc"},"useSeparator":"auto"},{"content":{"params":{"text":"<h3><span><span><span>Critique<\/span><\/span><\/span><\/h3>\n\n<p><span><span><span>In some extreme situations, you may have been able to eliminate an untrustworthy source while you were applying the evaluative framework. For example, this may be the case if you get to the \u201cAuthority\u201d criteria and find the author has no qualifications or significant experience with the topic.<\/span><\/span><\/span><\/p>\n\n<p><span><span><span>However, in most cases the decision to use or discard a source will not be so obvious. This is when taking a step back to weigh the different criteria in relation to each other becomes important. This critical reflection is what defines the critique stage of the critical evaluation of information.<\/span><\/span><\/span><\/p>\n\n<p><span><span><span>Although critically evaluating information and using the evaluative frameworks may seem like a bulky, time-consuming process, as you practice these skills they will become more intuitive. This is why it is so important for you to start building this skillset now, as students, so that the process is almost automatic by the time you start your professional careers.<\/span><\/span><\/span><\/p>\n"},"library":"H5P.AdvancedText 1.1","metadata":{"contentType":"Text","license":"U","title":"Untitled Text"},"subContentId":"55c58ef7-8127-4a7f-a9fc-eb6d5918ca0f"},"useSeparator":"enabled"},{"content":{"params":{"media":{"disableImageZooming":false},"answers":[{"correct":true,"tipsAndFeedback":{"tip":"","chosenFeedback":"","notChosenFeedback":""},"text":"<div>Whether or not a source is relevant to your research<\/div>\n"},{"correct":true,"tipsAndFeedback":{"tip":"","chosenFeedback":"","notChosenFeedback":""},"text":"<div>How timely or current the information is<\/div>\n"},{"correct":true,"tipsAndFeedback":{"tip":"","chosenFeedback":"","notChosenFeedback":""},"text":"<div>The reason or purpose the information was created for<\/div>\n"},{"correct":true,"tipsAndFeedback":{"tip":"","chosenFeedback":"","notChosenFeedback":""},"text":"<div>The author\u2019s expertise or experience with the topic<\/div>\n"}],"overallFeedback":[{"from":0,"to":100}],"behaviour":{"enableRetry":false,"enableSolutionsButton":true,"enableCheckButton":true,"type":"auto","singlePoint":false,"randomAnswers":false,"showSolutionsRequiresInput":true,"confirmCheckDialog":false,"confirmRetryDialog":false,"autoCheck":false,"passPercentage":100,"showScorePoints":true},"UI":{"checkAnswerButton":"Check","showSolutionButton":"Show solution","tryAgainButton":"Retry","tipsLabel":"Show tip","scoreBarLabel":"You got :num out of :total points","tipAvailable":"Tip available","feedbackAvailable":"Feedback available","readFeedback":"Read feedback","wrongAnswer":"Wrong answer","correctAnswer":"Correct answer","shouldCheck":"Should have been checked","shouldNotCheck":"Should not have been checked","noInput":"Please answer before viewing the solution","a11yCheck":"Check the answers. The responses will be marked as correct, incorrect, or unanswered.","a11yShowSolution":"Show the solution. The task will be marked with its correct solution.","a11yRetry":"Retry the task. Reset all responses and start the task over again."},"confirmCheck":{"header":"Finish ?","body":"Are you sure you wish to finish ?","cancelLabel":"Cancel","confirmLabel":"Finish"},"confirmRetry":{"header":"Retry ?","body":"Are you sure you wish to retry ?","cancelLabel":"Cancel","confirmLabel":"Confirm"},"question":"<p>Both RADAR and CRAAP draw your attention to which criteria? Select all that apply:<\/p>\n"},"library":"H5P.MultiChoice 1.14","metadata":{"contentType":"Multiple Choice","license":"U","title":"Check your understanding"},"subContentId":"92562186-2c1b-479b-89d6-bd398aafa16a"},"useSeparator":"enabled"},{"content":{"params":{"text":"<p>&nbsp;<\/p>\n\n<p>&nbsp;<\/p>\n\n<p>&nbsp;<\/p>\n\n<p>&nbsp;<\/p>\n\n<p>&nbsp;<\/p>\n"},"library":"H5P.AdvancedText 1.1","metadata":{"contentType":"Text","license":"U","title":"Untitled Text"},"subContentId":"dbd2b012-80f2-4994-99c9-1219a9ba8ce4"},"useSeparator":"disabled"}]},"library":"H5P.ColumnCustom 1.0","subContentId":"620accb7-509b-46a2-be83-539d913605e7","metadata":{"contentType":"ColumnCustom","license":"U","title":"Being critical of information"}},{"params":{"content":[{"content":{"params":{"sideToggle":true,"expandToggle":false,"content":{"params":{"text":"<h2><span><span><span>Information evaluation in groups<\/span><\/span><\/span><\/h2>\n\n<p><span><span><span>Many of the projects you complete while in school and as a professional engineer will require you to work as a member of a group or team. The information the group uses impacts the final product, therefore, it is the responsibility of each group member to ensure the information the group uses is credible and relevant to the project.<\/span><\/span><\/span><\/p>\n\n<p><span><span><span>Your group\u2019s information evaluation strategy will depend on the type of project you\u2019re working on and the group\u2019s preferences. You may decide to have one or two people take care of gathering information, while others evaluate what they found, or the group may decide that it\u2019s easier for the person who found the information to evaluate it as well.<\/span><\/span><\/span><\/p>\n\n<p><span><span><span>Whichever way you decide to split up these tasks, the next step will be deciding how the group will communicate their findings and decision making with one another. This communication strategy should ensure that everyone is aware of and able to articulate how the information used is related to the project.<\/span><\/span><\/span><\/p>\n"},"library":"H5P.AdvancedText 1.1","subContentId":"e6e9d65a-b011-44dc-bc9d-609d1a089de6","metadata":{"contentType":"Text","license":"U","title":"Untitled Text"}},"iconToggle":true,"sideImage":{"path":"images\/sideImage-619bbcd950db5.png","mime":"image\/png","copyright":{"license":"U"},"width":578,"height":460},"altText":"Icon of three people on their computers"},"library":"H5P.TextNImage 1.0","metadata":{"contentType":"Text and Image","license":"U","title":"Untitled Text and Image"},"subContentId":"52847c47-6354-4abb-a21e-32bc2647d2fd"},"useSeparator":"auto"},{"content":{"params":{"text":"<h3><span><span><span>Tracking &amp; sharing information<\/span><\/span><\/span><\/h3>\n\n<p><span><span><span>Developing a strategy for tracking and sharing information is the best way to make sure all the members of your team are on the same page.<\/span><\/span><\/span><\/p>\n\n<p><span><span><span>Two common knowledge management approaches used in engineering are:<\/span><\/span><\/span><\/p>\n"},"library":"H5P.AdvancedText 1.1","metadata":{"contentType":"Text","license":"U","title":"Untitled Text"},"subContentId":"81cf5284-1c83-415d-a2ae-ceade708dab9"},"useSeparator":"enabled"},{"content":{"params":{"sideToggle":false,"expandToggle":false,"content":{"params":{"text":"<p><strong><span><span><span>Codification Strategy<\/span><\/span><\/span><\/strong><\/p>\n\n<p><span><span><span>This strategy involves writing down what is known and storing it somewhere that everyone in the group can access (McMahon et al., 2004).<\/span><\/span><\/span><\/p>\n\n<p><span><span><span>In the context of information evaluation, this might include using a shared document or citation manager to record which sources have been found, how they were evaluated, and how they are related to the project or task.<\/span><\/span><\/span><\/p>\n"},"library":"H5P.AdvancedText 1.1","subContentId":"4d519e5d-791d-469f-8ac4-4e3f0b5d520a","metadata":{"contentType":"Text","license":"U","title":"Untitled Text"}},"iconToggle":true,"sideImage":{"path":"images\/sideImage-619bbcee216e8.png","mime":"image\/png","copyright":{"license":"U"},"width":618,"height":337},"altText":"Icon of one paper with arrows pointing towards two locations on another paper"},"library":"H5P.TextNImage 1.0","metadata":{"contentType":"Text and Image","license":"U","title":"Untitled Text and Image"},"subContentId":"4d6b399b-bb32-4aa3-885d-3c1954169004"},"useSeparator":"disabled"},{"content":{"params":{"sideToggle":true,"expandToggle":false,"content":{"params":{"text":"<p><strong><span><span><span>Personalization Strategy<\/span><\/span><\/span><\/strong><\/p>\n\n<p><span><span><span>This strategy favors sharing information through interpersonal contact, or talking with one another (McMahon et al., 2004).<br>\nIn the context of information evaluation, this might include regular group meetings where everyone shares what they\u2019ve found, how they assessed it, and how it is related to the project.<\/span><\/span><\/span><\/p>\n\n<p><span><span><span>Depending on your group and the type of project you\u2019re working on, you may choose to use either strategy, or some combination of the two. Whichever strategy you choose, just remember that the final goal is to have everyone on the team aware of what information has been collected and how it relates to the project.<\/span><\/span><\/span><\/p>\n"},"library":"H5P.AdvancedText 1.1","subContentId":"1cc9143c-7085-4683-aa93-befa1b388a9b","metadata":{"contentType":"Text","license":"U","title":"Untitled Text"}},"iconToggle":true,"sideImage":{"path":"images\/sideImage-619bbd1582207.png","mime":"image\/png","copyright":{"license":"U"},"width":496,"height":449},"altText":"Icon of two people talking, with a speech bubble containing a question mark"},"library":"H5P.TextNImage 1.0","metadata":{"contentType":"Text and Image","license":"U","title":"Untitled Text and Image"},"subContentId":"014319a3-7e50-41d9-ad2d-64128375245a"},"useSeparator":"disabled"}]},"library":"H5P.ColumnCustom 1.0","subContentId":"7be1d401-5331-4f03-a379-a1b98db6039b","metadata":{"contentType":"ColumnCustom","license":"U","title":"Information evaluation in groups"}},{"params":{"content":[{"content":{"params":{"sideToggle":true,"expandToggle":false,"content":{"params":{"text":"<h2><span><span><span>Final thoughts<\/span> <\/span><\/span><\/h2>\n\n<p><span><span><span>In engineering, the information you will need to complete your academic studies and that you will use as you enter your professional careers will come from a variety of sources. <\/span><\/span><\/span><\/p>\n\n<p><span><span><span><strong>Where<\/strong> you found the information becomes less important if you are able to <strong>critically evaluate<\/strong> that information to ensure that it is trustworthy and relevant to your purpose or context.<\/span><\/span><\/span><\/p>\n\n<p><span><span>These skills will serve you well after you graduate, when you may not have the same access to library resources that you have now.<\/span><\/span><\/p>\n"},"library":"H5P.AdvancedText 1.1","subContentId":"fd7d356d-1ac9-4f09-bf7c-36cde68a22ec","metadata":{"contentType":"Text","license":"U","title":"Untitled Text"}},"sideImage":{"path":"images\/sideImage-618d74bfe92f1.png","mime":"image\/png","copyright":{"license":"U"},"width":551,"height":1584},"iconToggle":true,"altText":"Librarian avatar in a neutral position"},"library":"H5P.TextNImage 1.0","metadata":{"contentType":"Text and Image","license":"U","title":"Final thoughts"},"subContentId":"8dbee94f-5525-4ca6-b822-8785686c57f5"},"useSeparator":"auto"},{"content":{"params":{"text":"<h2><span><span><span>Graduate Attributes<\/span><\/span><\/span><\/h2>\n\n<p><span><span><span><span>The content of this module relates to the following Graduate Attributes:<\/span><\/span><\/span><\/span><\/p>\n\n<p><span><span><span><span>3.1.1 A knowledge base for engineering: Demonstrated competence in university level mathematics, natural sciences, engineering fundamentals, and specialized engineering knowledge appropriate to the program.<\/span><\/span><\/span><\/span><\/p>\n\n<p><span><span><span><span>3.1.2 Problem analysis: An ability to use appropriate knowledge and skills to identify, formulate, analyze, and solve complex engineering problems in order to reach substantiated conclusions<\/span><\/span><\/span><\/span><\/p>\n\n<p><span><span><span><span>3.1.3 Investigation: An ability to conduct investigations of complex problems by methods that include appropriate experiments, analysis and interpretation of data, and synthesis of information in order to reach valid conclusions.<\/span><\/span><\/span><\/span><\/p>\n\n<p><span><span><span><span>3.1.7 Communication skills: An ability to communicate complex engineering concepts within the profession and with society at large. Such ability includes reading, writing, speaking and listening, and the ability to comprehend and write effective reports and design documentation, and to give and effectively respond to clear instructions.<\/span><\/span><\/span><\/span><\/p>\n\n<p><span><span><span><span>3.1.8 Professionalism: An understanding of the roles and responsibilities of the professional engineer in society, especially the primary role of protection of the public and the public interest.<\/span><\/span><\/span><\/span><\/p>\n\n<p><span><span><span><span>3.1.10 Ethics and equity: An ability to apply professional ethics, accountability, and equity.<\/span><\/span><\/span><\/span><\/p>\n\n<p><span><span><span>3.1.12 Life-long learning: An ability to identify and to address their own educational needs in a changing world in ways sufficient to maintain their competence and to allow them to contribute to the advancement of knowledge.<\/span><\/span><\/span><\/p>\n"},"library":"H5P.AdvancedText 1.1","metadata":{"contentType":"Text","license":"U","title":"Untitled Text"},"subContentId":"a6cad5c3-5489-41ca-9b06-57ee57af04e4"},"useSeparator":"enabled"}]},"library":"H5P.ColumnCustom 1.0","subContentId":"0c632895-4d0c-4b1d-bff2-971c2c67a18f","metadata":{"contentType":"ColumnCustom","license":"U","title":"Final thoughts"}},{"params":{"content":[{"content":{"params":{"text":"<h2><span><span><span>References<\/span><\/span><\/span><\/h2>\n\n<p><span><span><span><span>Mandalios, J. (2013). RADAR: An approach for helping students evaluate Internet sources. <em>Journal Of Information Science, 39<\/em>, 470-478. <\/span><a href=\"https:\/\/doi.org\/10.1177\/0165551513478889\"><span>https:\/\/doi.org\/10.1177\/0165551513478889<\/span><\/a><\/span><\/span><\/span><\/p>\n\n<p><span><span><span><span>McMahon, C., Lowe, A., &amp; Culley, S. (2004). Knowledge management in engineering design: Personalization and codification. <em>Journal of Engineering Design, 15<\/em>(4), 307-325. <\/span><a href=\"https:\/\/doi.org\/10.1080\/09544820410001697154\"><span>https:\/\/doi.org\/10.1080\/09544820410001697154<\/span><\/a> <\/span><\/span><\/span><\/p>\n\n<p><span><span><span><span>Meriam Library. (n.d.). <em>Evaluating information: Applying the CRAAP test<\/em> [PDF]. California State University, Chico. <\/span><a href=\"https:\/\/library.csuchico.edu\/sites\/default\/files\/craap-test.pdf\"><span>https:\/\/library.csuchico.edu\/sites\/default\/files\/craap-test.pdf<\/span><\/a><\/span><\/span><\/span><\/p>\n\n<p><span><span><span><span><span><span>Merriam-Webster. (n.d.) Information. In <em>Merriam0Webster dictionary.<\/em> Retrieved September 8,&nbsp;2021, from &nbsp;<\/span><\/span><\/span><a href=\"https:\/\/www.merriam-webster.com\/dictionary\/information\"><span><span>https:\/\/www.merriam-webster.com\/dictionary\/information<\/span><\/span><\/a>&nbsp; <\/span><\/span><\/span><\/p>\n"},"library":"H5P.AdvancedText 1.1","metadata":{"contentType":"Text","license":"U","title":"Untitled Text"},"subContentId":"f69edce4-2d40-4fa6-b011-be3af9cced9d"},"useSeparator":"auto"},{"content":{"params":{"text":"<h2><span><span><span>Credits &amp; Licensing<\/span><\/span><\/span><\/h2>\n\n<p><span><span><span><span><span>Content Creators: Kate Mercer, Kari D. Weaver, Stephanie Mutch, Nasser Saleh, Michelle Spence, and Ian Robson.<\/span><\/span><\/span><\/span><\/span><\/p>\n\n<p><span><span><span><span><span>Instructional and Graphic Designers: Anthony Maocheia-Ricci, Stefaniada Voichita, Stephanie Mutch, Hiba Zubairi, Cathy Sebastian, and Kari D. Weaver.<\/span><\/span><\/span><\/span><\/span><\/p>\n\n<p><span><span><span><span><span>Additional feedback was generously contributed by many faculty, staff, and students at the University of Waterloo, Queens University, and the University of Toronto.<\/span><\/span><\/span><\/span><\/span><\/p>\n\n<p><span><span><span><span><span>This module was created with financial support from a 2021 <\/span><\/span><a href=\"https:\/\/www.ecampusontario.ca\/\"><span>eCampus Ontario<\/span><\/a><span><span> Virtual Learning Strategy Grant and is licensed under a Creative Commons 4.0 Attribution-Non Commercial License <\/span><\/span><\/span><\/span><\/span><\/p>\n\n<p><span><span><span><span><span>(CC 4.0 BY-NC). <\/span><\/span><\/span><\/span><\/span><\/p>\n\n<p><span><span><span><span><span>Attribution may be indicated as follows:<\/span><\/span><\/span><\/span><\/span><\/p>\n\n<p><span><span><span><span><span>Mercer, K., Weaver, K.D., Mutch, S., Saleh, N., Spence, M., Robson, I., Maocheia-Ricci, A., Voichita, S., Zubairi, H., &amp; Sebastian, C. (2022). <em>Information Evaluation and Filtering.<\/em> eCampus Ontario. Link to repository. Used under CC 4.0 BY-NC.<\/span><\/span><\/span><\/span><\/span><\/p>\n\n<p><span><span><span><span><span>For more information or to request permission for a non-licensed use, please email <\/span><\/span><a href=\"mailto:libaskus@uwaterloo.ca\"><span>libaskus@uwaterloo.ca<\/span><\/a>.<\/span><\/span><\/span><\/p>\n\n<p><span><span><span>This project was led by individuals who live and work in Waterloo, which is the traditional territory of the Neutral, Anishinaabeg and Haudenosaunee peoples. The University of Waterloo\u2019s main campus is situated on the Haldimand Tract, the land granted to the Six Nations that includes six miles on each side of the Grand River. Our active work toward reconciliation takes place across our campuses through research, learning, teaching, and community building, and is centralized within our <\/span><\/span><\/span><span><span><a href=\"https:\/\/uwaterloo.ca\/human-rights-equity-inclusion\/indigenousinitiatives\"><span>Indigenous Initiatives Office<\/span><\/a><\/span><\/span><span><span><span>.<\/span><\/span><\/span><\/p>\n"},"library":"H5P.AdvancedText 1.1","metadata":{"contentType":"Text","license":"U","title":"Untitled Text"},"subContentId":"cf0701dc-b701-40b2-9ec5-e582915a678e"},"useSeparator":"enabled"}]},"library":"H5P.ColumnCustom 1.0","subContentId":"4aca5536-2770-441f-ba18-cbf2f8f95ac5","metadata":{"contentType":"ColumnCustom","license":"U","title":"References"}}]}